Numer_zgloszenia;Numer_komputera;Czas_awarii;Priorytet
1;365;01.01.2015 04:40;8
2;249;01.01.2015 06:08;3
3;312;01.01.2015 06:33;4
4;275;02.01.2015 00:10;5
5;379;02.01.2015 07:10;7
6;38;02.01.2015 09:50;8
7;265;02.01.2015 11:50;2
8;369;03.01.2015 00:01;2
9;396;03.01.2015 01:04;6
10;39;03.01.2015 04:29;8
11;236;03.01.2015 13:01;6
12;321;03.01.2015 19:14;6
13;247;03.01.2015 20:38;7
14;60;04.01.2015 03:01;8
15;150;04.01.2015 11:24;3
16;372;04.01.2015 14:57;8
17;360;04.01.2015 15:36;6
18;463;04.01.2015 16:00;7
19;413;04.01.2015 17:19;7
20;208;04.01.2015 23:30;5
21;483;05.01.2015 02:18;5
22;352;05.01.2015 05:00;4
23;380;05.01.2015 05:45;3
24;240;05.01.2015 07:09;2
25;321;05.01.2015 08:24;8
26;32;05.01.2015 10:19;5
27;462;05.01.2015 22:42;6
28;53;05.01.2015 22:53;6
29;52;06.01.2015 03:39;10
30;277;06.01.2015 03:42;3
31;314;06.01.2015 07:22;6
32;201;06.01.2015 11:25;2
33;93;06.01.2015 16:26;4
34;450;07.01.2015 08:43;3
35;230;07.01.2015 09:11;10
36;247;08.01.2015 01:22;10
37;198;08.01.2015 04:44;5
38;291;08.01.2015 07:19;4
39;112;08.01.2015 10:37;5
40;480;08.01.2015 15:43;10
41;62;08.01.2015 19:58;5
42;57;08.01.2015 22:47;9
43;90;08.01.2015 22:57;7
44;289;08.01.2015 23:31;9
45;354;09.01.2015 12:24;10
46;166;09.01.2015 22:22;5
47;187;10.01.2015 08:38;5
48;139;10.01.2015 13:15;6
49;253;10.01.2015 14:18;9
50;410;10.01.2015 16:34;4
51;222;10.01.2015 18:42;8
52;43;11.01.2015 02:40;9
53;327;11.01.2015 09:57;4
54;397;11.01.2015 12:57;3
55;341;11.01.2015 18:13;10
56;404;12.01.2015 03:17;8
57;81;12.01.2015 15:34;3
58;5;12.01.2015 18:16;6
59;367;12.01.2015 22:20;10
60;389;13.01.2015 01:57;5
61;286;13.01.2015 02:03;1
62;55;13.01.2015 07:42;3
63;151;13.01.2015 09:21;6
64;404;13.01.2015 12:10;5
65;89;13.01.2015 16:26;5
66;3;13.01.2015 17:32;9
67;478;14.01.2015 02:53;3
68;474;14.01.2015 06:00;4
69;373;14.01.2015 06:19;10
70;261;14.01.2015 11:27;3
71;30;15.01.2015 05:50;8
72;241;15.01.2015 09:06;5
73;211;15.01.2015 11:14;10
74;213;15.01.2015 20:34;6
75;249;15.01.2015 20:38;3
76;2;16.01.2015 02:35;1
77;256;16.01.2015 03:00;4
78;466;16.01.2015 19:29;4
79;111;17.01.2015 01:49;3
80;55;17.01.2015 04:52;1
81;454;17.01.2015 10:21;7
82;333;17.01.2015 14:10;9
83;92;17.01.2015 14:32;5
84;328;17.01.2015 18:44;5
85;397;18.01.2015 04:11;6
86;253;18.01.2015 06:18;9
87;83;18.01.2015 08:21;7
88;482;18.01.2015 13:09;7
89;437;18.01.2015 16:26;10
90;113;19.01.2015 03:19;1
91;310;19.01.2015 07:05;8
92;434;19.01.2015 07:11;5
93;186;19.01.2015 08:03;2
94;63;19.01.2015 19:24;2
95;451;19.01.2015 19:54;7
96;223;19.01.2015 20:10;3
97;480;19.01.2015 21:12;10
98;73;19.01.2015 22:34;1
99;272;20.01.2015 04:14;10
100;461;20.01.2015 07:19;9
101;248;20.01.2015 21:21;1
102;300;20.01.2015 22:35;9
103;438;20.01.2015 22:54;2
104;256;21.01.2015 02:13;10
105;84;21.01.2015 03:24;8
106;79;21.01.2015 05:30;3
107;472;21.01.2015 10:59;3
108;107;21.01.2015 11:22;9
109;420;21.01.2015 13:39;10
110;32;21.01.2015 18:41;7
111;390;21.01.2015 21:07;2
112;312;21.01.2015 22:04;2
113;470;22.01.2015 05:27;7
114;436;22.01.2015 09:56;10
115;192;22.01.2015 15:00;3
116;349;22.01.2015 20:07;8
117;256;23.01.2015 09:33;3
118;219;23.01.2015 10:14;5
119;343;23.01.2015 16:51;9
120;246;23.01.2015 18:16;8
121;249;23.01.2015 22:03;3
122;485;24.01.2015 00:47;8
123;200;24.01.2015 02:30;10
124;237;24.01.2015 07:02;10
125;360;24.01.2015 09:30;9
126;349;24.01.2015 18:32;10
127;232;24.01.2015 20:50;5
128;189;24.01.2015 21:26;6
129;324;25.01.2015 10:43;2
130;449;25.01.2015 10:59;6
131;205;26.01.2015 02:53;1
132;28;26.01.2015 04:33;10
133;134;26.01.2015 07:27;1
134;302;26.01.2015 07:49;7
135;138;26.01.2015 08:28;8
136;66;26.01.2015 08:33;1
137;115;26.01.2015 09:18;3
138;377;26.01.2015 10:14;6
139;247;26.01.2015 12:07;4
140;14;26.01.2015 17:42;7
141;433;26.01.2015 21:05;9
142;220;27.01.2015 06:02;7
143;433;27.01.2015 09:04;1
144;260;27.01.2015 12:10;6
145;214;27.01.2015 17:00;8
146;266;27.01.2015 20:48;9
147;231;28.01.2015 00:32;6
148;190;28.01.2015 12:39;2
149;175;28.01.2015 18:18;9
150;171;29.01.2015 02:27;5
151;480;29.01.2015 04:37;3
152;223;29.01.2015 07:50;9
153;299;29.01.2015 13:05;10
154;61;29.01.2015 16:03;3
155;38;29.01.2015 17:40;7
156;214;29.01.2015 18:18;8
157;388;29.01.2015 23:49;10
158;103;30.01.2015 05:32;4
159;426;30.01.2015 08:45;2
160;340;30.01.2015 10:10;4
161;38;30.01.2015 12:54;1
162;62;30.01.2015 13:01;7
163;326;30.01.2015 13:29;5
164;428;30.01.2015 16:41;3
165;102;30.01.2015 16:51;7
166;60;30.01.2015 19:40;4
167;323;31.01.2015 01:45;7
168;244;31.01.2015 02:53;7
169;210;31.01.2015 09:48;3
170;39;31.01.2015 17:19;9
171;452;31.01.2015 17:38;6
172;190;31.01.2015 17:39;2
173;494;31.01.2015 18:29;2
174;255;31.01.2015 18:57;2
175;239;31.01.2015 21:46;7
176;99;31.01.2015 21:59;3
177;331;01.02.2015 01:00;2
178;231;01.02.2015 01:39;3
179;193;01.02.2015 06:43;3
180;125;01.02.2015 08:38;9
181;16;01.02.2015 10:16;8
182;265;01.02.2015 12:58;4
183;286;01.02.2015 15:19;4
184;367;01.02.2015 22:39;9
185;154;01.02.2015 23:38;1
186;349;02.02.2015 11:24;9
187;19;02.02.2015 12:45;6
188;283;02.02.2015 18:22;6
189;269;02.02.2015 23:28;7
190;127;03.02.2015 04:27;9
191;408;03.02.2015 07:04;7
192;91;03.02.2015 08:08;1
193;187;03.02.2015 19:37;8
194;303;03.02.2015 20:59;5
195;200;03.02.2015 21:03;4
196;349;04.02.2015 00:19;8
197;39;04.02.2015 05:24;3
198;2;04.02.2015 10:40;4
199;99;04.02.2015 11:17;6
200;332;04.02.2015 18:09;7
201;199;04.02.2015 23:44;6
202;52;05.02.2015 00:54;2
203;268;05.02.2015 05:22;10
204;6;05.02.2015 14:57;4
205;32;05.02.2015 15:45;4
206;190;06.02.2015 08:40;1
207;40;06.02.2015 09:17;2
208;271;06.02.2015 16:37;2
209;338;06.02.2015 16:59;9
210;109;06.02.2015 19:11;9
211;55;06.02.2015 22:41;3
212;92;07.02.2015 01:46;5
213;360;07.02.2015 03:22;8
214;115;07.02.2015 03:36;7
215;238;07.02.2015 07:59;5
216;483;07.02.2015 08:54;5
217;32;07.02.2015 21:22;10
218;348;08.02.2015 01:04;9
219;428;08.02.2015 06:30;5
220;66;08.02.2015 09:29;5
221;477;08.02.2015 10:00;5
222;127;08.02.2015 13:23;10
223;2;08.02.2015 13:59;1
224;387;08.02.2015 14:04;6
225;161;08.02.2015 16:37;3
226;367;08.02.2015 17:20;3
227;82;09.02.2015 01:59;1
228;387;09.02.2015 03:50;6
229;116;09.02.2015 10:12;4
230;207;09.02.2015 14:36;2
231;90;10.02.2015 01:06;3
232;99;10.02.2015 03:54;4
233;165;10.02.2015 10:13;8
234;143;10.02.2015 12:15;7
235;53;11.02.2015 02:26;5
236;370;11.02.2015 10:57;7
237;79;11.02.2015 14:55;6
238;387;11.02.2015 17:18;8
239;364;11.02.2015 18:31;6
240;333;11.02.2015 21:14;6
241;139;11.02.2015 23:37;3
242;12;12.02.2015 04:21;9
243;139;12.02.2015 08:38;6
244;264;12.02.2015 09:54;9
245;4;12.02.2015 21:27;8
246;43;13.02.2015 02:16;1
247;60;13.02.2015 07:12;8
248;74;13.02.2015 14:42;9
249;75;13.02.2015 15:05;1
250;77;13.02.2015 15:06;5
251;271;13.02.2015 18:30;5
252;480;13.02.2015 18:51;10
253;230;14.02.2015 01:10;2
254;51;14.02.2015 04:56;8
255;140;14.02.2015 05:15;3
256;256;14.02.2015 05:16;4
257;43;14.02.2015 12:08;4
258;231;14.02.2015 12:49;3
259;59;14.02.2015 13:00;4
260;33;14.02.2015 16:16;1
261;129;14.02.2015 17:24;8
262;442;14.02.2015 18:26;10
263;367;14.02.2015 23:01;9
264;5;14.02.2015 23:45;9
265;259;15.02.2015 07:31;6
266;118;15.02.2015 12:43;9
267;301;15.02.2015 18:17;6
268;22;16.02.2015 01:08;9
269;289;16.02.2015 02:33;6
270;442;16.02.2015 05:36;7
271;297;16.02.2015 11:19;9
272;28;16.02.2015 15:41;10
273;5;16.02.2015 15:59;9
274;395;16.02.2015 21:34;2
275;374;17.02.2015 03:37;2
276;88;17.02.2015 16:10;6
277;183;17.02.2015 18:47;7
278;322;17.02.2015 23:30;1
279;15;18.02.2015 02:58;5
280;474;18.02.2015 08:29;1
281;371;18.02.2015 08:42;4
282;56;18.02.2015 08:43;5
283;492;18.02.2015 10:07;2
284;5;18.02.2015 10:40;8
285;224;18.02.2015 10:52;1
286;188;18.02.2015 12:12;8
287;140;18.02.2015 14:14;4
288;444;18.02.2015 19:38;7
289;28;18.02.2015 19:42;9
290;356;18.02.2015 21:41;6
291;445;19.02.2015 03:12;5
292;77;19.02.2015 08:33;2
293;142;19.02.2015 09:10;6
294;475;19.02.2015 13:13;2
295;113;19.02.2015 14:03;8
296;43;19.02.2015 14:40;7
297;221;19.02.2015 14:44;7
298;157;19.02.2015 14:52;3
299;393;19.02.2015 22:12;2
300;325;19.02.2015 22:57;7
301;222;19.02.2015 23:08;9
302;489;20.02.2015 08:50;4
303;193;20.02.2015 09:29;3
304;4;20.02.2015 10:17;7
305;115;20.02.2015 12:26;5
306;202;20.02.2015 18:59;4
307;177;21.02.2015 10:41;7
308;334;21.02.2015 17:46;1
309;260;21.02.2015 18:26;4
310;50;21.02.2015 20:10;5
311;180;21.02.2015 20:20;10
312;362;21.02.2015 20:26;8
313;438;21.02.2015 21:50;7
314;420;22.02.2015 06:41;10
315;240;22.02.2015 08:50;2
316;444;22.02.2015 10:46;2
317;496;22.02.2015 14:10;2
318;455;22.02.2015 14:14;2
319;22;22.02.2015 15:05;3
320;29;22.02.2015 15:09;6
321;274;22.02.2015 18:30;10
322;254;22.02.2015 20:47;2
323;248;22.02.2015 21:06;9
324;436;22.02.2015 22:53;4
325;94;22.02.2015 23:19;3
326;134;23.02.2015 03:20;3
327;169;24.02.2015 00:19;6
328;358;24.02.2015 04:58;7
329;431;24.02.2015 06:12;6
330;271;24.02.2015 12:47;5
331;198;24.02.2015 12:49;8
332;63;24.02.2015 18:59;1
333;189;24.02.2015 22:28;5
334;113;25.02.2015 02:22;10
335;111;25.02.2015 05:46;1
336;466;25.02.2015 06:01;3
337;432;25.02.2015 06:28;4
338;325;25.02.2015 07:04;6
339;477;25.02.2015 07:15;3
340;60;25.02.2015 10:36;5
341;22;25.02.2015 10:46;7
342;229;25.02.2015 10:52;8
343;400;25.02.2015 16:30;2
344;172;25.02.2015 18:22;5
345;323;26.02.2015 04:28;10
346;28;26.02.2015 10:14;8
347;264;27.02.2015 07:04;9
348;176;27.02.2015 08:51;10
349;113;27.02.2015 13:19;9
350;8;27.02.2015 16:02;3
351;55;27.02.2015 18:44;2
352;466;27.02.2015 19:30;2
353;91;27.02.2015 21:20;7
354;247;28.02.2015 01:34;7
355;228;28.02.2015 03:02;2
356;391;28.02.2015 04:25;6
357;177;28.02.2015 07:19;4
358;217;28.02.2015 11:16;10
359;74;28.02.2015 17:25;2
360;75;28.02.2015 18:28;6
361;78;28.02.2015 18:29;2
362;177;28.02.2015 19:54;8
363;47;01.03.2015 02:44;7
364;320;01.03.2015 06:03;2
365;496;01.03.2015 07:38;8
366;127;01.03.2015 08:50;1
367;396;01.03.2015 12:01;10
368;84;01.03.2015 13:06;9
369;275;01.03.2015 13:30;2
370;483;01.03.2015 13:42;1
371;71;01.03.2015 14:23;9
372;394;01.03.2015 21:27;8
373;489;01.03.2015 22:47;5
374;176;01.03.2015 23:20;5
375;13;02.03.2015 00:57;10
376;246;02.03.2015 01:32;6
377;383;02.03.2015 06:41;10
378;356;02.03.2015 10:39;2
379;72;02.03.2015 23:22;8
380;279;03.03.2015 02:25;7
381;144;03.03.2015 04:57;7
382;494;03.03.2015 10:48;10
383;64;03.03.2015 11:42;9
384;128;03.03.2015 15:12;9
385;432;04.03.2015 02:56;8
386;368;04.03.2015 13:00;7
387;367;04.03.2015 15:23;4
388;291;04.03.2015 18:27;9
389;183;04.03.2015 19:30;9
390;489;04.03.2015 20:47;2
391;48;04.03.2015 23:31;8
392;479;05.03.2015 01:55;7
393;140;05.03.2015 03:26;5
394;387;05.03.2015 06:50;7
395;13;05.03.2015 06:55;10
396;22;05.03.2015 11:48;3
397;14;05.03.2015 12:57;5
398;438;05.03.2015 13:12;9
399;385;06.03.2015 02:26;4
400;283;06.03.2015 02:47;8
401;434;06.03.2015 03:16;1
402;165;06.03.2015 08:51;2
403;82;06.03.2015 09:22;6
404;254;06.03.2015 14:35;3
405;48;06.03.2015 15:07;10
406;130;06.03.2015 21:53;2
407;118;07.03.2015 12:52;8
408;191;07.03.2015 12:54;2
409;198;07.03.2015 17:49;3
410;459;08.03.2015 04:54;1
411;236;08.03.2015 07:01;2
412;16;08.03.2015 08:11;7
413;84;08.03.2015 09:31;8
414;259;08.03.2015 09:47;8
415;337;08.03.2015 10:18;8
416;464;08.03.2015 14:17;3
417;443;08.03.2015 14:25;3
418;337;08.03.2015 15:07;6
419;64;08.03.2015 15:10;2
420;376;08.03.2015 17:53;4
421;311;08.03.2015 18:40;2
422;130;08.03.2015 22:20;6
423;340;08.03.2015 23:24;5
424;497;09.03.2015 01:20;6
425;288;09.03.2015 03:18;2
426;444;09.03.2015 15:14;5
427;265;09.03.2015 18:16;4
428;219;09.03.2015 18:24;1
429;369;09.03.2015 19:45;1
430;162;10.03.2015 04:10;8
431;227;10.03.2015 04:56;8
432;222;10.03.2015 05:02;9
433;480;10.03.2015 11:43;7
434;39;10.03.2015 12:05;4
435;462;10.03.2015 14:18;4
436;183;10.03.2015 14:46;10
437;434;10.03.2015 17:38;5
438;50;10.03.2015 21:36;3
439;65;11.03.2015 05:10;3
440;63;11.03.2015 06:38;10
441;427;11.03.2015 07:43;3
442;161;11.03.2015 19:45;2
443;248;11.03.2015 21:52;7
444;425;11.03.2015 23:26;1
445;271;12.03.2015 01:13;8
446;127;12.03.2015 04:40;2
447;465;12.03.2015 06:59;10
448;289;12.03.2015 07:58;3
449;78;12.03.2015 08:23;6
450;84;12.03.2015 08:40;6
451;97;12.03.2015 08:50;3
452;43;12.03.2015 18:25;3
453;286;12.03.2015 19:58;4
454;116;13.03.2015 05:37;10
455;383;13.03.2015 07:46;2
456;161;13.03.2015 18:19;4
457;39;14.03.2015 01:37;8
458;285;14.03.2015 03:56;10
459;141;14.03.2015 06:23;6
460;33;14.03.2015 10:53;5
461;353;14.03.2015 13:58;1
462;52;14.03.2015 21:19;7
463;121;15.03.2015 17:40;6
464;88;16.03.2015 00:49;4
465;459;16.03.2015 00:59;3
466;480;16.03.2015 07:14;7
467;123;16.03.2015 09:43;3
468;466;16.03.2015 14:15;5
469;236;16.03.2015 16:03;1
470;267;16.03.2015 17:09;4
471;470;16.03.2015 22:07;6
472;242;16.03.2015 22:17;5
473;315;17.03.2015 00:28;8
474;392;17.03.2015 00:41;1
475;304;17.03.2015 01:22;4
476;417;17.03.2015 05:38;10
477;199;17.03.2015 11:13;4
478;413;17.03.2015 12:45;5
479;352;17.03.2015 13:33;6
480;232;17.03.2015 15:29;3
481;142;17.03.2015 16:08;10
482;278;17.03.2015 16:14;3
483;306;17.03.2015 16:57;10
484;451;17.03.2015 16:59;2
485;222;17.03.2015 21:38;6
486;406;18.03.2015 01:11;9
487;101;18.03.2015 17:17;4
488;24;18.03.2015 17:39;6
489;193;18.03.2015 19:52;2
490;156;19.03.2015 02:50;3
491;5;19.03.2015 04:13;1
492;481;19.03.2015 08:38;10
493;348;19.03.2015 16:20;2
494;339;19.03.2015 19:58;1
495;406;20.03.2015 02:04;6
496;459;20.03.2015 08:51;3
497;123;20.03.2015 17:17;2
498;217;20.03.2015 19:58;7
499;334;20.03.2015 20:09;8
500;101;21.03.2015 07:03;2
501;53;21.03.2015 08:33;9
502;401;21.03.2015 14:04;5
503;465;21.03.2015 14:08;4
504;278;21.03.2015 14:45;4
505;265;21.03.2015 18:03;3
506;487;21.03.2015 18:45;5
507;111;21.03.2015 19:06;8
508;227;21.03.2015 21:47;7
509;244;21.03.2015 22:49;8
510;47;22.03.2015 02:02;1
511;277;22.03.2015 02:05;2
512;14;22.03.2015 05:18;2
513;140;22.03.2015 06:00;6
514;243;22.03.2015 14:17;2
515;151;23.03.2015 03:27;5
516;171;23.03.2015 06:32;6
517;487;23.03.2015 06:45;1
518;463;23.03.2015 08:50;6
519;449;23.03.2015 13:40;9
520;444;23.03.2015 18:54;6
521;334;23.03.2015 18:55;7
522;456;23.03.2015 19:50;7
523;244;23.03.2015 20:21;7
524;163;24.03.2015 00:42;5
525;464;24.03.2015 01:41;3
526;21;24.03.2015 06:48;5
527;3;24.03.2015 06:50;7
528;47;24.03.2015 11:58;10
529;432;24.03.2015 12:09;4
530;127;24.03.2015 13:44;5
531;40;24.03.2015 14:44;2
532;437;24.03.2015 17:32;2
533;232;24.03.2015 18:06;9
534;452;24.03.2015 18:16;5
535;354;25.03.2015 06:23;8
536;145;25.03.2015 07:02;3
537;422;25.03.2015 11:51;5
538;443;25.03.2015 12:48;6
539;493;25.03.2015 15:50;1
540;276;25.03.2015 16:25;2
541;248;25.03.2015 20:03;4
542;188;26.03.2015 01:38;2
543;272;26.03.2015 01:46;7
544;177;26.03.2015 02:03;9
545;267;26.03.2015 02:09;5
546;123;26.03.2015 04:00;2
547;231;26.03.2015 04:09;8
548;282;26.03.2015 06:07;4
549;497;26.03.2015 09:01;8
550;300;26.03.2015 09:04;4
551;152;26.03.2015 12:20;9
552;28;26.03.2015 12:31;10
553;481;26.03.2015 13:56;2
554;343;26.03.2015 19:05;9
555;77;27.03.2015 04:50;1
556;47;27.03.2015 05:50;5
557;109;27.03.2015 19:59;1
558;153;27.03.2015 19:59;1
559;465;28.03.2015 08:32;9
560;119;28.03.2015 10:34;1
561;493;28.03.2015 11:24;2
562;2;28.03.2015 11:31;2
563;283;28.03.2015 13:19;6
564;166;28.03.2015 18:59;8
565;407;29.03.2015 01:06;3
566;340;29.03.2015 07:33;9
567;300;29.03.2015 12:39;3
568;389;29.03.2015 14:31;2
569;47;29.03.2015 16:36;3
570;156;29.03.2015 20:30;7
571;372;29.03.2015 22:06;6
572;400;30.03.2015 03:01;2
573;7;30.03.2015 04:51;6
574;232;30.03.2015 04:57;4
575;300;30.03.2015 07:42;4
576;164;30.03.2015 09:22;5
577;183;30.03.2015 13:12;1
578;83;30.03.2015 15:39;5
579;82;30.03.2015 15:39;1
580;434;30.03.2015 20:12;4
581;202;30.03.2015 21:12;2
582;177;30.03.2015 22:45;3
583;442;31.03.2015 01:01;9
584;304;31.03.2015 06:13;1
585;352;31.03.2015 09:35;3
586;332;31.03.2015 12:22;3
587;195;31.03.2015 15:34;10
588;474;31.03.2015 18:39;10
589;50;01.04.2015 00:09;2
590;475;01.04.2015 00:27;9
591;279;01.04.2015 10:25;9
592;15;01.04.2015 15:22;10
593;316;01.04.2015 17:42;10
594;86;01.04.2015 19:57;8
595;276;01.04.2015 22:09;9
596;275;01.04.2015 22:32;9
597;479;01.04.2015 23:52;8
598;226;02.04.2015 07:44;1
599;124;02.04.2015 07:45;1
600;303;02.04.2015 11:14;5
601;358;02.04.2015 11:39;5
602;248;02.04.2015 18:07;8
603;212;03.04.2015 00:16;6
604;366;03.04.2015 04:25;4
605;66;03.04.2015 05:33;6
606;367;03.04.2015 20:09;4
607;168;03.04.2015 20:44;2
608;310;03.04.2015 22:07;9
609;236;03.04.2015 23:55;3
610;255;04.04.2015 00:43;1
611;409;04.04.2015 03:48;2
612;224;04.04.2015 05:31;3
613;154;04.04.2015 11:45;4
614;219;04.04.2015 15:21;2
615;437;04.04.2015 16:16;9
616;485;04.04.2015 16:30;6
617;456;04.04.2015 16:58;3
618;302;04.04.2015 17:03;8
619;98;05.04.2015 02:43;1
620;89;05.04.2015 16:14;10
621;59;05.04.2015 20:33;6
622;102;06.04.2015 00:16;3
623;421;06.04.2015 00:32;9
624;30;06.04.2015 04:56;6
625;8;06.04.2015 05:19;3
626;159;06.04.2015 07:26;2
627;424;06.04.2015 09:50;8
628;425;06.04.2015 11:05;1
629;79;06.04.2015 12:36;5
630;327;06.04.2015 15:51;8
631;304;07.04.2015 00:22;3
632;240;07.04.2015 02:16;2
633;310;07.04.2015 10:34;6
634;54;07.04.2015 12:40;5
635;219;07.04.2015 14:42;4
636;220;07.04.2015 20:21;3
637;404;07.04.2015 22:36;5
638;66;08.04.2015 00:46;7
639;250;08.04.2015 05:46;3
640;404;08.04.2015 06:13;9
641;120;08.04.2015 06:26;9
642;378;08.04.2015 06:43;9
643;251;08.04.2015 07:10;3
644;271;08.04.2015 20:21;7
645;466;09.04.2015 00:59;2
646;84;09.04.2015 01:51;4
647;1;09.04.2015 05:02;5
648;436;09.04.2015 08:19;5
649;276;09.04.2015 11:02;2
650;482;09.04.2015 12:48;5
651;322;09.04.2015 13:23;10
652;267;09.04.2015 16:03;10
653;249;09.04.2015 16:20;6
654;498;09.04.2015 17:13;8
655;465;09.04.2015 19:54;5
656;341;09.04.2015 22:27;2
657;266;10.04.2015 03:14;9
658;445;10.04.2015 03:30;1
659;314;10.04.2015 06:20;1
660;222;10.04.2015 08:09;1
661;382;10.04.2015 11:31;9
662;186;10.04.2015 14:25;7
663;132;10.04.2015 22:35;8
664;214;11.04.2015 09:50;3
665;224;11.04.2015 13:00;5
666;4;11.04.2015 16:09;1
667;162;11.04.2015 23:04;9
668;495;11.04.2015 23:20;4
669;24;12.04.2015 04:40;7
670;347;12.04.2015 09:33;1
671;213;12.04.2015 22:19;4
672;64;12.04.2015 23:17;5
673;466;12.04.2015 23:25;6
674;253;13.04.2015 02:13;6
675;335;13.04.2015 02:20;4
676;445;13.04.2015 06:44;10
677;406;13.04.2015 10:49;8
678;426;13.04.2015 14:17;6
679;372;13.04.2015 14:21;8
680;298;13.04.2015 16:36;3
681;294;13.04.2015 23:02;6
682;417;14.04.2015 01:30;6
683;404;14.04.2015 03:44;5
684;232;14.04.2015 05:43;9
685;162;14.04.2015 07:08;10
686;223;14.04.2015 10:58;6
687;143;14.04.2015 13:57;10
688;95;14.04.2015 18:46;2
689;288;14.04.2015 23:47;1
690;102;15.04.2015 00:11;8
691;193;15.04.2015 01:18;6
692;366;15.04.2015 04:56;2
693;496;15.04.2015 06:20;2
694;245;15.04.2015 16:25;8
695;377;15.04.2015 18:22;4
696;2;15.04.2015 22:13;3
697;469;16.04.2015 09:09;1
698;144;16.04.2015 12:29;9
699;298;16.04.2015 13:13;10
700;111;16.04.2015 13:20;6
701;159;16.04.2015 16:00;7
702;467;16.04.2015 18:41;5
703;30;16.04.2015 19:54;4
704;262;17.04.2015 00:57;1
705;151;17.04.2015 01:12;2
706;382;17.04.2015 04:03;6
707;191;17.04.2015 04:47;2
708;91;17.04.2015 05:03;4
709;191;17.04.2015 05:21;2
710;10;17.04.2015 18:18;3
711;461;17.04.2015 20:58;10
712;177;17.04.2015 21:00;4
713;225;17.04.2015 22:20;10
714;144;17.04.2015 23:12;5
715;389;18.04.2015 02:09;7
716;395;18.04.2015 05:49;8
717;71;18.04.2015 14:24;5
718;55;18.04.2015 17:26;2
719;237;18.04.2015 17:34;7
720;144;18.04.2015 18:32;5
721;201;18.04.2015 20:03;3
722;226;18.04.2015 20:39;6
723;228;18.04.2015 22:25;2
724;77;19.04.2015 02:38;7
725;130;19.04.2015 03:25;7
726;187;19.04.2015 10:20;2
727;112;19.04.2015 12:50;8
728;480;19.04.2015 17:10;9
729;238;19.04.2015 18:10;6
730;269;19.04.2015 18:33;5
731;155;19.04.2015 19:03;6
732;95;19.04.2015 23:02;7
733;463;19.04.2015 23:49;8
734;272;20.04.2015 01:51;4
735;406;20.04.2015 05:49;1
736;30;20.04.2015 08:18;9
737;318;20.04.2015 10:49;10
738;462;20.04.2015 13:26;2
739;102;20.04.2015 13:52;8
740;226;20.04.2015 20:49;5
741;273;20.04.2015 22:46;3
742;107;21.04.2015 14:19;7
743;318;21.04.2015 17:31;3
744;69;21.04.2015 22:56;7
745;317;22.04.2015 00:03;6
746;11;22.04.2015 01:27;6
747;142;22.04.2015 12:56;9
748;367;22.04.2015 13:27;6
749;41;22.04.2015 16:03;2
750;208;22.04.2015 21:56;1
751;16;23.04.2015 02:58;8
752;101;23.04.2015 09:43;4
753;165;23.04.2015 11:53;9
754;224;23.04.2015 16:05;10
755;60;23.04.2015 17:40;9
756;75;23.04.2015 23:27;5
757;52;24.04.2015 00:50;8
758;341;24.04.2015 08:11;8
759;483;24.04.2015 08:40;5
760;225;24.04.2015 09:37;3
761;445;24.04.2015 22:57;7
762;78;24.04.2015 23:39;10
763;29;25.04.2015 05:07;7
764;461;25.04.2015 06:46;3
765;367;25.04.2015 07:22;6
766;413;25.04.2015 09:51;10
767;459;25.04.2015 10:06;3
768;231;25.04.2015 12:26;8
769;184;25.04.2015 13:46;6
770;398;25.04.2015 15:06;8
771;235;25.04.2015 17:10;2
772;97;26.04.2015 04:41;6
773;171;26.04.2015 09:35;3
774;347;26.04.2015 09:55;7
775;90;26.04.2015 10:19;2
776;32;26.04.2015 18:52;7
777;325;26.04.2015 20:41;5
778;389;26.04.2015 21:03;7
779;443;26.04.2015 22:08;9
780;465;26.04.2015 22:37;9
781;159;27.04.2015 00:04;6
782;77;27.04.2015 03:21;1
783;93;27.04.2015 03:29;9
784;372;27.04.2015 04:05;5
785;316;27.04.2015 05:16;5
786;83;27.04.2015 06:23;9
787;279;27.04.2015 07:58;4
788;201;27.04.2015 08:47;4
789;434;27.04.2015 10:29;3
790;348;27.04.2015 21:10;9
791;139;28.04.2015 08:41;9
792;165;28.04.2015 11:56;10
793;202;28.04.2015 12:56;1
794;43;28.04.2015 15:01;6
795;177;28.04.2015 21:56;8
796;42;28.04.2015 23:13;10
797;143;29.04.2015 00:02;8
798;102;29.04.2015 01:16;9
799;104;29.04.2015 06:43;1
800;219;29.04.2015 07:12;10
801;175;29.04.2015 07:28;5
802;459;29.04.2015 16:32;7
803;425;29.04.2015 18:16;9
804;84;30.04.2015 00:39;2
805;369;30.04.2015 03:14;4
806;341;30.04.2015 03:50;8
807;413;30.04.2015 05:57;6
808;112;30.04.2015 14:52;10
809;192;30.04.2015 21:40;2
810;141;01.05.2015 01:26;1
811;97;01.05.2015 01:36;3
812;303;01.05.2015 02:01;2
813;78;01.05.2015 05:15;3
814;435;01.05.2015 06:07;3
815;18;01.05.2015 07:27;4
816;106;01.05.2015 09:15;10
817;245;01.05.2015 10:42;9
818;28;01.05.2015 16:16;4
819;440;01.05.2015 18:39;4
820;355;01.05.2015 23:04;7
821;316;02.05.2015 01:13;5
822;327;02.05.2015 06:12;10
823;316;02.05.2015 07:43;5
824;360;02.05.2015 17:34;6
825;47;02.05.2015 20:06;8
826;413;03.05.2015 02:04;9
827;88;03.05.2015 14:30;10
828;383;03.05.2015 18:05;2
829;29;03.05.2015 21:31;4
830;321;03.05.2015 21:34;6
831;187;04.05.2015 04:23;1
832;156;04.05.2015 04:51;5
833;47;04.05.2015 08:23;7
834;7;04.05.2015 08:33;9
835;332;04.05.2015 08:34;5
836;60;04.05.2015 09:04;3
837;103;04.05.2015 10:27;10
838;470;04.05.2015 12:11;9
839;452;04.05.2015 12:29;8
840;165;05.05.2015 05:01;6
841;84;05.05.2015 06:54;4
842;311;05.05.2015 17:56;1
843;373;06.05.2015 05:57;2
844;401;06.05.2015 06:40;5
845;494;06.05.2015 07:53;7
846;486;06.05.2015 10:45;5
847;209;06.05.2015 13:26;10
848;167;06.05.2015 16:59;4
849;403;06.05.2015 22:20;6
850;217;07.05.2015 04:53;10
851;209;07.05.2015 06:21;3
852;190;07.05.2015 06:31;9
853;329;07.05.2015 11:37;10
854;285;07.05.2015 12:29;1
855;229;07.05.2015 14:15;4
856;71;07.05.2015 15:42;3
857;2;07.05.2015 16:54;9
858;336;07.05.2015 18:37;8
859;401;07.05.2015 21:12;1
860;247;07.05.2015 22:52;8
861;433;07.05.2015 23:10;1
862;141;08.05.2015 03:22;7
863;142;08.05.2015 05:02;3
864;387;08.05.2015 06:24;4
865;142;08.05.2015 07:12;4
866;388;08.05.2015 09:21;3
867;132;08.05.2015 14:14;9
868;60;08.05.2015 21:04;2
869;69;08.05.2015 22:41;1
870;230;09.05.2015 00:56;7
871;274;09.05.2015 03:38;2
872;391;09.05.2015 07:40;10
873;436;09.05.2015 09:22;1
874;417;09.05.2015 15:57;6
875;261;09.05.2015 16:36;5
876;329;09.05.2015 22:28;10
877;400;10.05.2015 00:56;5
878;488;10.05.2015 03:59;6
879;232;10.05.2015 07:47;9
880;183;10.05.2015 11:47;7
881;81;10.05.2015 13:26;2
882;40;10.05.2015 18:25;8
883;358;10.05.2015 22:24;2
884;22;11.05.2015 02:19;6
885;106;11.05.2015 04:43;9
886;312;11.05.2015 05:29;2
887;493;11.05.2015 06:02;7
888;392;11.05.2015 10:07;7
889;447;11.05.2015 10:53;2
890;306;11.05.2015 13:03;1
891;391;11.05.2015 17:15;4
892;155;11.05.2015 19:17;8
893;176;12.05.2015 01:19;3
894;157;12.05.2015 06:14;10
895;403;12.05.2015 06:32;10
896;197;12.05.2015 09:55;6
897;474;12.05.2015 20:29;5
898;485;12.05.2015 22:53;2
899;301;13.05.2015 02:48;2
900;341;13.05.2015 07:33;9
901;166;13.05.2015 08:51;8
902;141;13.05.2015 09:19;7
903;302;13.05.2015 09:19;10
904;37;13.05.2015 14:08;5
905;212;13.05.2015 14:36;8
906;52;13.05.2015 19:08;2
907;408;14.05.2015 07:36;10
908;109;14.05.2015 09:28;6
909;452;14.05.2015 11:10;6
910;32;14.05.2015 11:53;7
911;36;14.05.2015 12:00;9
912;115;14.05.2015 12:28;2
913;276;14.05.2015 13:10;4
914;93;14.05.2015 14:12;9
915;210;15.05.2015 03:22;6
916;344;15.05.2015 06:08;1
917;451;15.05.2015 08:44;2
918;364;15.05.2015 09:10;4
919;95;15.05.2015 09:32;8
920;356;15.05.2015 13:53;8
921;451;15.05.2015 15:25;10
922;434;15.05.2015 17:11;8
923;332;15.05.2015 18:22;2
924;272;15.05.2015 18:25;6
925;454;15.05.2015 19:12;6
926;241;16.05.2015 08:52;1
927;48;16.05.2015 10:19;5
928;291;16.05.2015 14:10;9
929;106;16.05.2015 19:16;7
930;385;17.05.2015 05:45;3
931;333;17.05.2015 06:07;7
932;434;17.05.2015 10:51;7
933;253;17.05.2015 12:07;5
934;97;17.05.2015 13:52;9
935;172;18.05.2015 01:19;1
936;91;18.05.2015 02:01;4
937;42;18.05.2015 17:01;3
938;362;18.05.2015 19:54;8
939;72;18.05.2015 22:03;4
940;136;19.05.2015 00:43;7
941;237;19.05.2015 06:05;5
942;486;19.05.2015 08:10;2
943;37;19.05.2015 11:19;6
944;323;19.05.2015 11:23;5
945;456;19.05.2015 14:02;9
946;157;19.05.2015 22:19;6
947;460;19.05.2015 22:41;8
948;12;19.05.2015 23:26;8
949;344;19.05.2015 23:55;7
950;473;20.05.2015 01:49;9
951;489;20.05.2015 03:18;5
952;61;20.05.2015 05:36;7
953;425;20.05.2015 15:27;9
954;299;20.05.2015 21:24;6
955;84;20.05.2015 22:36;3
956;420;20.05.2015 22:42;8
957;352;21.05.2015 08:40;6
958;349;21.05.2015 18:19;3
959;432;22.05.2015 02:03;2
960;231;22.05.2015 06:28;2
961;378;22.05.2015 13:14;7
962;226;22.05.2015 15:55;2
963;96;22.05.2015 16:34;10
964;250;22.05.2015 18:00;9
965;487;22.05.2015 18:52;5
966;428;23.05.2015 02:00;9
967;413;23.05.2015 11:01;1
968;56;23.05.2015 11:59;6
969;247;23.05.2015 16:50;3
970;312;23.05.2015 22:34;3
971;131;23.05.2015 23:00;6
972;74;24.05.2015 04:06;3
973;112;24.05.2015 12:55;7
974;473;24.05.2015 16:56;6
975;435;24.05.2015 19:36;10
976;361;24.05.2015 23:42;10
977;372;25.05.2015 03:12;4
978;496;25.05.2015 07:56;6
979;240;25.05.2015 08:41;4
980;380;25.05.2015 12:39;2
981;443;25.05.2015 13:27;10
982;232;25.05.2015 13:39;3
983;63;25.05.2015 15:43;10
984;202;25.05.2015 18:02;10
985;411;25.05.2015 18:56;10
986;427;25.05.2015 21:54;4
987;391;25.05.2015 22:50;5
988;360;26.05.2015 00:40;2
989;19;26.05.2015 06:31;1
990;142;26.05.2015 07:35;8
991;93;26.05.2015 10:38;2
992;388;26.05.2015 11:38;7
993;483;26.05.2015 16:29;8
994;78;27.05.2015 00:16;3
995;74;27.05.2015 08:55;1
996;120;27.05.2015 10:12;9
997;494;27.05.2015 10:46;10
998;176;27.05.2015 11:28;1
999;247;28.05.2015 00:00;5
1000;228;28.05.2015 05:03;5
1001;465;28.05.2015 10:06;1
1002;289;28.05.2015 12:12;1
1003;12;28.05.2015 13:29;6
1004;244;28.05.2015 15:25;10
1005;358;28.05.2015 19:10;6
1006;386;28.05.2015 19:35;1
1007;32;29.05.2015 01:00;1
1008;486;29.05.2015 02:03;5
1009;1;29.05.2015 05:51;4
1010;210;29.05.2015 05:59;10
1011;402;29.05.2015 07:12;5
1012;380;29.05.2015 08:38;7
1013;253;29.05.2015 09:29;7
1014;180;29.05.2015 15:15;1
1015;464;29.05.2015 21:06;9
1016;155;30.05.2015 04:29;6
1017;228;30.05.2015 07:29;2
1018;435;30.05.2015 17:40;2
1019;186;30.05.2015 18:06;9
1020;414;30.05.2015 19:39;8
1021;184;30.05.2015 20:04;9
1022;454;31.05.2015 02:48;7
1023;192;31.05.2015 04:51;1
1024;181;31.05.2015 11:40;7
1025;155;31.05.2015 11:58;6
1026;151;31.05.2015 12:19;1
1027;21;31.05.2015 21:29;6
1028;304;01.06.2015 02:48;6
1029;141;01.06.2015 03:16;3
1030;140;01.06.2015 05:39;9
1031;473;01.06.2015 05:45;2
1032;190;01.06.2015 06:07;10
1033;40;01.06.2015 06:10;1
1034;124;01.06.2015 09:29;10
1035;62;01.06.2015 12:34;6
1036;256;01.06.2015 19:13;8
1037;461;02.06.2015 05:18;10
1038;103;02.06.2015 07:06;3
1039;321;02.06.2015 10:21;1
1040;78;02.06.2015 16:04;9
1041;244;02.06.2015 16:57;1
1042;14;02.06.2015 17:20;1
1043;34;03.06.2015 06:51;8
1044;56;03.06.2015 09:17;5
1045;145;03.06.2015 09:23;6
1046;396;03.06.2015 10:00;1
1047;38;03.06.2015 12:52;7
1048;4;03.06.2015 17:30;10
1049;48;03.06.2015 17:48;8
1050;158;04.06.2015 06:29;1
1051;296;04.06.2015 07:17;8
1052;147;04.06.2015 10:38;5
1053;139;04.06.2015 13:06;10
1054;42;04.06.2015 13:46;8
1055;127;04.06.2015 15:03;8
1056;48;04.06.2015 20:53;8
1057;231;05.06.2015 00:55;6
1058;330;05.06.2015 04:24;4
1059;235;05.06.2015 05:25;2
1060;451;05.06.2015 14:09;6
1061;192;05.06.2015 16:10;10
1062;360;05.06.2015 22:43;5
1063;391;05.06.2015 22:51;1
1064;362;06.06.2015 00:04;3
1065;220;06.06.2015 05:33;4
1066;372;06.06.2015 07:01;10
1067;139;06.06.2015 16:30;8
1068;111;06.06.2015 17:10;7
1069;34;07.06.2015 05:28;3
1070;4;07.06.2015 13:15;8
1071;192;07.06.2015 16:45;5
1072;277;07.06.2015 20:06;4
1073;383;07.06.2015 22:13;9
1074;166;08.06.2015 06:10;8
1075;174;08.06.2015 08:53;4
1076;411;08.06.2015 10:39;8
1077;7;08.06.2015 13:05;5
1078;419;08.06.2015 22:11;4
1079;366;09.06.2015 02:44;7
1080;272;09.06.2015 03:26;1
1081;306;09.06.2015 05:17;9
1082;171;09.06.2015 05:45;5
1083;217;09.06.2015 10:03;1
1084;394;09.06.2015 10:31;6
1085;90;09.06.2015 21:36;3
1086;156;10.06.2015 00:04;6
1087;470;10.06.2015 01:58;4
1088;187;10.06.2015 03:00;5
1089;393;10.06.2015 08:16;6
1090;332;10.06.2015 18:34;6
1091;213;10.06.2015 18:34;4
1092;187;11.06.2015 01:36;5
1093;50;11.06.2015 08:03;9
1094;151;11.06.2015 10:41;5
1095;369;11.06.2015 12:02;8
1096;79;11.06.2015 14:30;3
1097;286;11.06.2015 17:38;2
1098;473;11.06.2015 19:59;8
1099;188;11.06.2015 21:56;8
1100;209;12.06.2015 10:07;10
1101;481;12.06.2015 12:44;4
1102;217;12.06.2015 15:04;6
1103;21;12.06.2015 15:21;7
1104;158;12.06.2015 15:52;5
1105;2;12.06.2015 22:31;4
1106;63;12.06.2015 23:49;1
1107;464;13.06.2015 06:42;10
1108;202;13.06.2015 09:07;7
1109;235;13.06.2015 13:27;8
1110;97;13.06.2015 17:48;1
1111;449;13.06.2015 21:12;7
1112;161;14.06.2015 07:19;3
1113;327;14.06.2015 08:20;7
1114;220;14.06.2015 12:36;7
1115;327;14.06.2015 14:18;5
1116;16;14.06.2015 15:01;2
1117;235;14.06.2015 19:10;8
1118;486;15.06.2015 02:38;2
1119;282;15.06.2015 09:22;6
1120;411;15.06.2015 13:38;5
1121;204;15.06.2015 15:42;10
1122;246;15.06.2015 18:05;9
1123;362;15.06.2015 20:54;3
1124;205;16.06.2015 00:26;4
1125;496;16.06.2015 00:38;1
1126;255;16.06.2015 12:40;10
1127;39;16.06.2015 16:43;8
1128;61;16.06.2015 21:37;7
1129;469;17.06.2015 12:47;8
1130;150;17.06.2015 13:16;5
1131;139;17.06.2015 13:50;6
1132;341;17.06.2015 14:15;6
1133;261;17.06.2015 16:11;10
1134;130;17.06.2015 17:53;7
1135;117;17.06.2015 20:14;9
1136;408;17.06.2015 21:03;3
1137;498;17.06.2015 23:23;5
1138;333;18.06.2015 00:00;5
1139;37;18.06.2015 01:19;10
1140;13;18.06.2015 05:02;8
1141;103;18.06.2015 05:03;7
1142;273;18.06.2015 05:29;9
1143;59;18.06.2015 09:45;10
1144;268;18.06.2015 13:30;1
1145;372;18.06.2015 16:42;7
1146;355;18.06.2015 19:25;2
1147;437;18.06.2015 20:02;2
1148;327;19.06.2015 03:43;7
1149;449;19.06.2015 07:22;10
1150;473;19.06.2015 15:03;8
1151;433;19.06.2015 19:15;9
1152;120;19.06.2015 21:59;7
1153;332;20.06.2015 00:46;6
1154;251;20.06.2015 02:38;1
1155;143;20.06.2015 12:49;1
1156;212;20.06.2015 18:55;3
1157;123;20.06.2015 18:56;3
1158;66;21.06.2015 04:03;3
1159;318;21.06.2015 05:03;8
1160;479;21.06.2015 05:26;8
1161;272;21.06.2015 05:38;1
1162;361;21.06.2015 06:23;4
1163;73;21.06.2015 06:36;6
1164;59;21.06.2015 07:57;10
1165;48;21.06.2015 10:26;8
1166;427;21.06.2015 10:30;10
1167;157;21.06.2015 13:34;5
1168;157;21.06.2015 19:02;2
1169;231;21.06.2015 23:00;6
1170;436;22.06.2015 03:39;4
1171;5;22.06.2015 03:43;9
1172;129;22.06.2015 17:39;7
1173;312;22.06.2015 21:23;3
1174;324;23.06.2015 04:27;4
1175;274;23.06.2015 06:19;6
1176;493;23.06.2015 06:27;7
1177;419;23.06.2015 06:32;9
1178;358;23.06.2015 07:53;6
1179;161;23.06.2015 19:45;2
1180;334;24.06.2015 12:53;6
1181;475;25.06.2015 03:05;8
1182;396;25.06.2015 06:19;2
1183;53;25.06.2015 06:22;10
1184;470;25.06.2015 09:38;10
1185;184;25.06.2015 15:34;1
1186;47;25.06.2015 16:14;4
1187;21;26.06.2015 06:16;10
1188;344;26.06.2015 06:35;9
1189;244;26.06.2015 10:26;8
1190;306;26.06.2015 10:30;3
1191;279;26.06.2015 17:17;9
1192;25;26.06.2015 23:47;8
1193;356;27.06.2015 00:05;7
1194;210;27.06.2015 04:14;6
1195;438;27.06.2015 07:54;2
1196;391;27.06.2015 12:23;1
1197;333;27.06.2015 13:35;10
1198;306;27.06.2015 21:58;10
1199;129;28.06.2015 03:14;8
1200;291;28.06.2015 03:15;9
1201;51;28.06.2015 07:46;5
1202;28;28.06.2015 09:29;6
1203;87;28.06.2015 15:21;4
1204;266;28.06.2015 16:52;2
1205;247;28.06.2015 17:19;6
1206;454;28.06.2015 19:27;2
1207;201;28.06.2015 21:27;1
1208;425;29.06.2015 06:56;8
1209;42;29.06.2015 08:49;5
1210;366;29.06.2015 12:54;6
1211;349;29.06.2015 18:45;7
1212;265;29.06.2015 19:52;6
1213;462;29.06.2015 20:39;2
1214;245;29.06.2015 20:51;2
1215;431;29.06.2015 21:19;5
1216;403;29.06.2015 23:07;8
1217;411;30.06.2015 00:47;8
1218;246;30.06.2015 04:12;7
1219;425;30.06.2015 06:24;8
1220;372;30.06.2015 09:08;2
1221;292;30.06.2015 16:26;8
1222;209;30.06.2015 16:55;4
1223;438;30.06.2015 23:25;7
1224;315;01.07.2015 00:25;6
1225;443;01.07.2015 01:06;6
1226;433;01.07.2015 01:12;9
1227;327;01.07.2015 05:00;2
1228;323;01.07.2015 13:48;6
1229;265;01.07.2015 16:23;4
1230;31;01.07.2015 17:10;5
1231;115;01.07.2015 21:28;5
1232;60;02.07.2015 09:56;1
1233;277;02.07.2015 13:55;7
1234;348;02.07.2015 15:26;3
1235;245;02.07.2015 16:28;3
1236;201;02.07.2015 19:37;2
1237;459;02.07.2015 23:24;3
1238;2;03.07.2015 01:24;1
1239;213;03.07.2015 05:12;8
1240;330;03.07.2015 05:34;8
1241;142;03.07.2015 13:13;1
1242;360;03.07.2015 13:45;6
1243;201;03.07.2015 19:52;10
1244;341;03.07.2015 23:24;1
1245;231;04.07.2015 00:05;3
1246;91;04.07.2015 00:46;2
1247;79;04.07.2015 01:09;6
1248;64;04.07.2015 04:49;4
1249;73;04.07.2015 13:45;2
1250;155;05.07.2015 06:42;4
1251;41;05.07.2015 11:23;3
1252;334;05.07.2015 13:12;5
1253;232;05.07.2015 13:16;6
1254;329;05.07.2015 15:14;6
1255;442;05.07.2015 16:48;1
1256;106;05.07.2015 16:57;3
1257;92;05.07.2015 19:57;3
1258;354;05.07.2015 23:51;6
1259;28;06.07.2015 00:28;4
1260;200;06.07.2015 09:37;2
1261;388;06.07.2015 10:21;7
1262;42;06.07.2015 16:25;6
1263;271;06.07.2015 17:21;4
1264;409;06.07.2015 21:02;7
1265;220;06.07.2015 21:57;2
1266;275;06.07.2015 23:09;6
1267;127;06.07.2015 23:30;4
1268;147;07.07.2015 02:42;10
1269;4;07.07.2015 03:03;4
1270;349;07.07.2015 03:19;8
1271;191;07.07.2015 11:33;9
1272;244;07.07.2015 14:06;3
1273;440;07.07.2015 16:42;6
1274;330;08.07.2015 01:51;9
1275;489;08.07.2015 05:34;4
1276;323;08.07.2015 11:06;5
1277;202;08.07.2015 13:54;6
1278;61;09.07.2015 01:47;5
1279;282;09.07.2015 03:19;2
1280;79;09.07.2015 08:38;10
1281;343;09.07.2015 18:08;9
1282;392;09.07.2015 18:28;6
1283;176;09.07.2015 22:09;2
1284;456;10.07.2015 01:30;1
1285;251;10.07.2015 07:54;3
1286;424;10.07.2015 11:33;1
1287;499;10.07.2015 12:01;2
1288;172;11.07.2015 05:38;5
1289;322;11.07.2015 05:47;3
1290;131;11.07.2015 09:24;8
1291;371;11.07.2015 11:34;4
1292;388;12.07.2015 00:53;8
1293;103;12.07.2015 09:03;10
1294;392;12.07.2015 09:59;1
1295;498;12.07.2015 10:49;3
1296;86;12.07.2015 14:07;6
1297;136;13.07.2015 11:35;10
1298;277;13.07.2015 12:06;10
1299;7;13.07.2015 14:58;1
1300;470;13.07.2015 16:46;8
1301;37;13.07.2015 22:44;4
1302;458;14.07.2015 01:01;2
1303;117;14.07.2015 08:01;7
1304;97;14.07.2015 15:16;2
1305;275;14.07.2015 15:16;2
1306;143;14.07.2015 19:36;7
1307;259;14.07.2015 21:29;8
1308;498;14.07.2015 21:39;8
1309;154;15.07.2015 02:37;2
1310;411;15.07.2015 03:26;9
1311;426;15.07.2015 04:58;2
1312;124;15.07.2015 06:28;9
1313;180;15.07.2015 11:35;9
1314;465;15.07.2015 11:44;8
1315;54;15.07.2015 12:00;5
1316;199;15.07.2015 15:07;8
1317;447;15.07.2015 16:18;10
1318;434;15.07.2015 18:15;1
1319;86;15.07.2015 19:51;5
1320;140;16.07.2015 00:33;10
1321;439;16.07.2015 02:30;10
1322;170;16.07.2015 09:46;4
1323;323;16.07.2015 12:11;9
1324;167;16.07.2015 12:45;3
1325;272;16.07.2015 17:14;7
1326;155;17.07.2015 01:17;2
1327;443;17.07.2015 02:10;10
1328;217;17.07.2015 06:40;10
1329;79;17.07.2015 11:29;4
1330;28;17.07.2015 12:33;9
1331;397;17.07.2015 15:08;7
1332;16;17.07.2015 17:27;6
1333;333;17.07.2015 19:47;8
1334;107;17.07.2015 21:59;5
1335;322;18.07.2015 10:59;8
1336;124;18.07.2015 15:08;3
1337;169;18.07.2015 15:46;7
1338;481;19.07.2015 01:46;9
1339;308;19.07.2015 03:02;10
1340;319;19.07.2015 03:49;4
1341;129;19.07.2015 03:53;8
1342;407;19.07.2015 04:04;5
1343;244;19.07.2015 05:25;5
1344;443;19.07.2015 09:44;7
1345;147;19.07.2015 15:17;6
1346;185;19.07.2015 16:25;4
1347;257;20.07.2015 13:02;1
1348;247;20.07.2015 16:19;6
1349;211;20.07.2015 17:27;1
1350;229;20.07.2015 19:14;10
1351;334;20.07.2015 19:31;3
1352;81;21.07.2015 00:39;9
1353;388;21.07.2015 17:30;3
1354;286;21.07.2015 21:31;6
1355;318;22.07.2015 01:35;7
1356;459;22.07.2015 03:41;7
1357;470;22.07.2015 03:48;9
1358;489;22.07.2015 07:12;6
1359;254;22.07.2015 07:42;4
1360;155;22.07.2015 10:54;4
1361;379;22.07.2015 11:40;4
1362;444;22.07.2015 13:51;6
1363;481;22.07.2015 14:24;8
1364;251;22.07.2015 18:27;9
1365;431;22.07.2015 22:19;2
1366;239;23.07.2015 02:53;3
1367;104;23.07.2015 04:48;2
1368;73;23.07.2015 07:53;4
1369;105;23.07.2015 08:30;9
1370;383;23.07.2015 08:31;9
1371;469;23.07.2015 15:19;5
1372;255;23.07.2015 16:50;2
1373;55;23.07.2015 17:50;2
1374;292;23.07.2015 22:23;9
1375;43;23.07.2015 23:11;8
1376;411;24.07.2015 01:24;3
1377;103;24.07.2015 02:18;4
1378;329;24.07.2015 04:24;7
1379;397;24.07.2015 05:44;8
1380;92;24.07.2015 10:10;9
1381;347;24.07.2015 12:14;6
1382;78;24.07.2015 19:03;2
1383;397;24.07.2015 19:55;4
1384;279;24.07.2015 23:24;1
1385;88;25.07.2015 02:37;2
1386;148;25.07.2015 04:22;6
1387;364;25.07.2015 08:03;6
1388;318;25.07.2015 11:48;7
1389;153;25.07.2015 13:15;8
1390;1;25.07.2015 14:38;3
1391;319;25.07.2015 20:14;4
1392;144;26.07.2015 06:39;3
1393;46;26.07.2015 12:18;4
1394;425;26.07.2015 18:23;4
1395;90;26.07.2015 21:50;4
1396;317;26.07.2015 22:18;4
1397;449;27.07.2015 01:09;2
1398;298;27.07.2015 02:56;6
1399;402;27.07.2015 21:12;4
1400;52;27.07.2015 23:33;2
1401;442;28.07.2015 00:06;4
1402;166;28.07.2015 05:49;7
1403;78;28.07.2015 05:53;9
1404;277;28.07.2015 07:26;6
1405;33;28.07.2015 08:35;6
1406;113;28.07.2015 11:53;8
1407;168;28.07.2015 14:11;8
1408;428;28.07.2015 22:59;4
1409;219;29.07.2015 08:09;4
1410;61;29.07.2015 08:28;9
1411;107;29.07.2015 08:58;8
1412;462;29.07.2015 11:09;9
1413;349;29.07.2015 11:36;10
1414;425;29.07.2015 13:48;3
1415;228;29.07.2015 16:40;3
1416;273;29.07.2015 19:43;3
1417;40;29.07.2015 23:33;7
1418;311;30.07.2015 03:13;1
1419;438;30.07.2015 05:10;7
1420;396;30.07.2015 05:11;9
1421;397;30.07.2015 09:14;1
1422;39;30.07.2015 09:21;10
1423;33;30.07.2015 13:17;10
1424;311;30.07.2015 17:26;4
1425;232;30.07.2015 20:12;9
1426;424;31.07.2015 01:03;6
1427;224;31.07.2015 02:57;10
1428;333;31.07.2015 08:31;10
1429;473;31.07.2015 10:43;10
1430;226;31.07.2015 15:13;4
1431;248;31.07.2015 16:23;8
1432;74;31.07.2015 19:04;5
1433;437;01.08.2015 01:21;8
1434;213;01.08.2015 03:38;8
1435;318;01.08.2015 09:08;7
1436;186;01.08.2015 11:37;5
1437;420;02.08.2015 00:10;4
1438;489;02.08.2015 01:44;9
1439;329;02.08.2015 02:24;1
1440;201;02.08.2015 04:59;6
1441;372;02.08.2015 12:07;4
1442;174;02.08.2015 16:35;8
1443;276;03.08.2015 06:20;7
1444;455;03.08.2015 06:34;8
1445;40;03.08.2015 10:44;9
1446;304;03.08.2015 14:11;5
1447;4;03.08.2015 14:35;7
1448;184;03.08.2015 15:40;7
1449;456;03.08.2015 18:04;6
1450;485;04.08.2015 01:40;9
1451;76;04.08.2015 06:16;2
1452;113;04.08.2015 06:47;8
1453;498;04.08.2015 07:18;5
1454;485;04.08.2015 11:45;1
1455;236;04.08.2015 20:50;3
1456;219;05.08.2015 07:42;9
1457;375;05.08.2015 08:36;4
1458;341;05.08.2015 11:41;1
1459;87;05.08.2015 13:57;1
1460;143;05.08.2015 14:26;7
1461;92;05.08.2015 21:18;2
1462;273;05.08.2015 21:37;9
1463;432;05.08.2015 23:23;4
1464;282;06.08.2015 01:49;6
1465;38;06.08.2015 07:52;2
1466;15;06.08.2015 15:15;1
1467;318;06.08.2015 21:27;7
1468;183;07.08.2015 00:08;1
1469;214;07.08.2015 11:10;5
1470;42;07.08.2015 12:51;2
1471;298;07.08.2015 15:14;8
1472;347;07.08.2015 20:17;8
1473;129;07.08.2015 21:17;7
1474;91;07.08.2015 23:35;5
1475;467;08.08.2015 00:51;7
1476;256;08.08.2015 02:01;6
1477;339;08.08.2015 03:21;7
1478;151;08.08.2015 04:10;5
1479;344;08.08.2015 04:42;4
1480;155;08.08.2015 05:27;3
1481;112;08.08.2015 08:41;8
1482;40;08.08.2015 12:08;3
1483;236;08.08.2015 14:00;7
1484;388;08.08.2015 17:54;6
1485;332;08.08.2015 23:42;8
1486;209;09.08.2015 04:27;10
1487;275;09.08.2015 06:25;5
1488;42;09.08.2015 17:41;1
1489;10;09.08.2015 19:19;6
1490;75;09.08.2015 21:35;3
1491;262;09.08.2015 22:32;10
1492;87;10.08.2015 00:08;4
1493;291;10.08.2015 01:41;5
1494;89;10.08.2015 07:38;9
1495;491;10.08.2015 09:49;9
1496;409;10.08.2015 13:15;7
1497;272;10.08.2015 15:39;10
1498;369;10.08.2015 18:42;5
1499;407;10.08.2015 18:58;9
1500;378;10.08.2015 23:20;3
1501;192;10.08.2015 23:25;9
1502;248;11.08.2015 12:29;9
1503;53;11.08.2015 13:21;1
1504;362;11.08.2015 15:45;8
1505;464;11.08.2015 19:46;5
1506;393;12.08.2015 03:35;9
1507;38;12.08.2015 04:42;7
1508;199;12.08.2015 05:21;1
1509;22;12.08.2015 07:11;8
1510;358;12.08.2015 08:52;8
1511;404;12.08.2015 09:37;9
1512;6;12.08.2015 12:31;8
1513;107;12.08.2015 12:36;6
1514;246;12.08.2015 19:59;2
1515;60;13.08.2015 09:10;1
1516;83;13.08.2015 09:48;2
1517;245;13.08.2015 13:17;7
1518;192;13.08.2015 13:41;1
1519;428;13.08.2015 18:57;2
1520;283;13.08.2015 20:19;5
1521;70;13.08.2015 22:52;2
1522;238;14.08.2015 04:28;2
1523;395;14.08.2015 08:16;6
1524;155;14.08.2015 21:01;9
1525;66;15.08.2015 00:44;10
1526;121;15.08.2015 01:26;6
1527;42;15.08.2015 04:51;4
1528;444;15.08.2015 09:44;9
1529;180;15.08.2015 10:02;5
1530;43;15.08.2015 11:17;2
1531;276;15.08.2015 13:58;5
1532;291;15.08.2015 18:31;5
1533;389;15.08.2015 19:14;3
1534;289;15.08.2015 21:35;6
1535;116;15.08.2015 21:44;5
1536;376;15.08.2015 21:46;10
1537;116;16.08.2015 00:15;10
1538;227;16.08.2015 03:15;6
1539;279;16.08.2015 04:06;6
1540;458;16.08.2015 08:38;9
1541;314;16.08.2015 09:08;9
1542;35;16.08.2015 09:58;8
1543;143;16.08.2015 12:19;2
1544;306;16.08.2015 12:21;7
1545;60;16.08.2015 14:43;4
1546;408;16.08.2015 18:44;6
1547;148;16.08.2015 21:58;4
1548;39;16.08.2015 23:35;10
1549;135;17.08.2015 02:07;2
1550;241;17.08.2015 03:55;3
1551;497;18.08.2015 01:07;4
1552;204;18.08.2015 08:31;4
1553;407;18.08.2015 10:18;3
1554;187;18.08.2015 13:39;10
1555;155;18.08.2015 20:10;1
1556;153;19.08.2015 10:09;8
1557;200;19.08.2015 13:47;1
1558;393;19.08.2015 19:52;2
1559;411;19.08.2015 22:15;5
1560;232;20.08.2015 04:09;3
1561;411;20.08.2015 06:48;2
1562;283;20.08.2015 08:26;10
1563;419;20.08.2015 11:39;9
1564;186;20.08.2015 12:44;5
1565;358;20.08.2015 13:06;4
1566;264;20.08.2015 17:13;4
1567;102;20.08.2015 18:31;4
1568;340;20.08.2015 19:02;8
1569;311;20.08.2015 22:27;1
1570;129;20.08.2015 22:46;9
1571;255;21.08.2015 08:45;2
1572;378;21.08.2015 11:51;8
1573;273;21.08.2015 12:07;3
1574;29;21.08.2015 12:11;10
1575;141;21.08.2015 15:56;9
1576;489;21.08.2015 20:08;7
1577;332;22.08.2015 01:11;2
1578;205;22.08.2015 07:16;3
1579;483;22.08.2015 09:09;5
1580;240;22.08.2015 14:46;5
1581;456;22.08.2015 17:24;5
1582;226;23.08.2015 00:24;10
1583;432;23.08.2015 02:22;2
1584;1;23.08.2015 07:11;9
1585;499;23.08.2015 20:54;10
1586;296;24.08.2015 03:22;1
1587;128;24.08.2015 04:15;6
1588;422;24.08.2015 04:29;6
1589;37;24.08.2015 05:08;5
1590;6;24.08.2015 17:49;5
1591;406;24.08.2015 18:41;10
1592;130;24.08.2015 19:06;6
1593;308;24.08.2015 23:02;5
1594;165;25.08.2015 00:10;5
1595;413;25.08.2015 03:46;5
1596;279;25.08.2015 09:38;9
1597;452;25.08.2015 10:07;5
1598;339;25.08.2015 13:43;4
1599;129;25.08.2015 18:02;10
1600;238;25.08.2015 23:49;9
1601;452;26.08.2015 00:30;9
1602;461;26.08.2015 04:39;6
1603;47;26.08.2015 12:34;4
1604;304;26.08.2015 17:11;9
1605;164;26.08.2015 17:17;3
1606;278;26.08.2015 18:42;8
1607;183;26.08.2015 18:51;1
1608;74;27.08.2015 04:14;9
1609;219;27.08.2015 13:06;8
1610;297;27.08.2015 17:20;1
1611;253;27.08.2015 21:07;6
1612;41;28.08.2015 01:03;3
1613;83;28.08.2015 02:33;10
1614;214;28.08.2015 05:36;9
1615;86;28.08.2015 07:27;10
1616;431;28.08.2015 11:36;8
1617;246;28.08.2015 22:44;7
1618;95;28.08.2015 23:16;1
1619;84;29.08.2015 00:08;5
1620;275;29.08.2015 07:01;5
1621;239;29.08.2015 08:23;5
1622;437;29.08.2015 11:24;5
1623;310;29.08.2015 13:07;5
1624;72;29.08.2015 16:51;5
1625;461;29.08.2015 17:08;4
1626;269;29.08.2015 21:16;4
1627;486;29.08.2015 23:58;6
1628;16;30.08.2015 01:29;7
1629;374;30.08.2015 10:50;1
1630;312;30.08.2015 17:27;2
1631;274;30.08.2015 17:30;1
1632;64;30.08.2015 18:55;9
1633;142;30.08.2015 23:28;2
1634;362;31.08.2015 02:28;8
1635;164;31.08.2015 04:35;1
1636;71;31.08.2015 04:55;2
1637;422;31.08.2015 08:48;10
1638;435;31.08.2015 12:47;8
1639;271;31.08.2015 20:41;8
1640;217;01.09.2015 04:04;3
1641;227;01.09.2015 04:41;4
1642;392;01.09.2015 05:07;4
1643;473;01.09.2015 06:32;4
1644;433;01.09.2015 13:45;3
1645;450;01.09.2015 21:26;5
1646;246;01.09.2015 23:28;6
1647;260;02.09.2015 02:14;7
1648;413;02.09.2015 06:49;5
1649;14;02.09.2015 07:46;9
1650;214;02.09.2015 11:58;5
1651;496;02.09.2015 13:05;6
1652;63;03.09.2015 00:01;2
1653;205;03.09.2015 04:54;4
1654;496;03.09.2015 05:36;5
1655;132;03.09.2015 06:15;10
1656;7;03.09.2015 09:13;7
1657;274;03.09.2015 09:19;10
1658;278;03.09.2015 11:27;5
1659;42;03.09.2015 11:54;3
1660;315;03.09.2015 15:01;8
1661;53;03.09.2015 18:06;5
1662;327;03.09.2015 18:54;1
1663;117;04.09.2015 00:37;7
1664;130;04.09.2015 00:42;1
1665;248;04.09.2015 02:07;9
1666;316;04.09.2015 03:31;4
1667;171;04.09.2015 03:45;7
1668;40;04.09.2015 10:36;4
1669;333;04.09.2015 13:12;7
1670;499;04.09.2015 13:24;5
1671;3;04.09.2015 22:53;4
1672;371;05.09.2015 01:51;7
1673;291;05.09.2015 05:26;2
1674;151;05.09.2015 06:28;8
1675;116;05.09.2015 06:29;4
1676;7;05.09.2015 09:11;6
1677;156;05.09.2015 19:15;7
1678;76;06.09.2015 08:31;4
1679;477;06.09.2015 17:37;5
1680;442;06.09.2015 19:49;8
1681;312;06.09.2015 20:37;7
1682;16;07.09.2015 09:34;10
1683;31;07.09.2015 20:14;8
1684;404;07.09.2015 23:48;4
1685;230;08.09.2015 01:56;10
1686;45;08.09.2015 04:23;8
1687;308;08.09.2015 06:45;2
1688;435;08.09.2015 07:06;1
1689;130;08.09.2015 08:26;1
1690;118;08.09.2015 12:02;7
1691;52;08.09.2015 12:25;6
1692;315;08.09.2015 14:49;9
1693;119;09.09.2015 01:05;1
1694;442;09.09.2015 07:41;2
1695;402;09.09.2015 07:42;4
1696;160;09.09.2015 09:50;6
1697;466;09.09.2015 15:53;8
1698;12;09.09.2015 17:08;4
1699;142;09.09.2015 21:26;9
1700;243;09.09.2015 22:17;2
1701;156;09.09.2015 22:59;10
1702;395;09.09.2015 23:19;5
1703;177;09.09.2015 23:23;8
1704;41;10.09.2015 01:05;9
1705;82;10.09.2015 05:46;7
1706;77;10.09.2015 13:43;4
1707;218;10.09.2015 14:37;10
1708;172;10.09.2015 18:53;2
1709;108;10.09.2015 21:42;6
1710;297;10.09.2015 22:25;8
1711;315;10.09.2015 23:42;10
1712;239;11.09.2015 02:21;8
1713;156;11.09.2015 11:14;2
1714;432;11.09.2015 15:05;3
1715;474;11.09.2015 16:18;8
1716;429;11.09.2015 17:05;10
1717;286;11.09.2015 17:06;6
1718;184;11.09.2015 20:07;5
1719;121;11.09.2015 21:25;4
1720;237;11.09.2015 22:51;10
1721;111;12.09.2015 00:57;7
1722;177;12.09.2015 00:58;7
1723;163;12.09.2015 02:05;1
1724;332;12.09.2015 02:39;8
1725;139;12.09.2015 03:16;7
1726;62;13.09.2015 00:22;2
1727;290;13.09.2015 01:39;2
1728;315;13.09.2015 03:25;2
1729;226;13.09.2015 03:38;7
1730;95;13.09.2015 03:55;7
1731;149;13.09.2015 07:30;7
1732;83;13.09.2015 16:12;7
1733;251;14.09.2015 01:43;9
1734;121;14.09.2015 10:07;2
1735;223;14.09.2015 11:48;7
1736;108;14.09.2015 14:24;8
1737;89;14.09.2015 15:33;1
1738;444;14.09.2015 18:14;2
1739;500;15.09.2015 07:18;7
1740;205;15.09.2015 09:04;8
1741;249;15.09.2015 09:09;5
1742;14;15.09.2015 09:48;8
1743;475;15.09.2015 11:08;10
1744;371;15.09.2015 11:26;9
1745;252;15.09.2015 14:16;3
1746;243;15.09.2015 14:56;8
1747;200;15.09.2015 16:37;4
1748;198;15.09.2015 17:00;9
1749;151;16.09.2015 01:18;4
1750;159;16.09.2015 03:32;2
1751;406;16.09.2015 05:08;2
1752;169;16.09.2015 06:30;9
1753;338;16.09.2015 08:36;2
1754;464;17.09.2015 08:58;10
1755;314;17.09.2015 09:14;2
1756;416;17.09.2015 14:11;1
1757;36;17.09.2015 17:24;7
1758;9;17.09.2015 20:27;9
1759;354;17.09.2015 20:57;6
1760;76;18.09.2015 10:04;2
1761;292;18.09.2015 12:28;10
1762;117;18.09.2015 14:36;4
1763;358;18.09.2015 16:18;8
1764;141;18.09.2015 16:45;7
1765;400;19.09.2015 08:49;2
1766;500;19.09.2015 11:01;5
1767;102;19.09.2015 11:40;4
1768;150;19.09.2015 11:48;3
1769;267;19.09.2015 12:06;7
1770;374;19.09.2015 12:52;4
1771;237;19.09.2015 22:22;6
1772;408;20.09.2015 05:32;10
1773;347;20.09.2015 08:24;5
1774;134;20.09.2015 12:46;1
1775;102;20.09.2015 15:41;4
1776;115;20.09.2015 18:47;3
1777;106;20.09.2015 20:31;1
1778;62;21.09.2015 09:43;5
1779;377;21.09.2015 15:48;2
1780;450;21.09.2015 18:29;2
1781;274;21.09.2015 21:59;6
1782;395;21.09.2015 22:41;7
1783;2;22.09.2015 01:28;8
1784;237;22.09.2015 01:53;6
1785;491;22.09.2015 02:27;4
1786;474;22.09.2015 03:32;2
1787;485;22.09.2015 05:24;3
1788;16;22.09.2015 05:58;6
1789;264;22.09.2015 07:21;10
1790;47;22.09.2015 09:35;6
1791;402;22.09.2015 17:12;3
1792;243;23.09.2015 05:44;8
1793;443;23.09.2015 06:43;7
1794;488;23.09.2015 08:17;3
1795;498;23.09.2015 10:46;7
1796;409;23.09.2015 11:17;6
1797;175;23.09.2015 16:29;3
1798;435;24.09.2015 05:45;10
1799;165;24.09.2015 11:20;2
1800;387;24.09.2015 15:47;5
1801;253;24.09.2015 19:51;5
1802;144;25.09.2015 00:23;2
1803;322;25.09.2015 08:21;2
1804;63;25.09.2015 16:09;10
1805;191;25.09.2015 23:14;3
1806;219;26.09.2015 03:44;8
1807;10;26.09.2015 10:46;8
1808;386;27.09.2015 08:40;2
1809;50;27.09.2015 11:13;9
1810;391;27.09.2015 11:48;4
1811;357;27.09.2015 12:49;8
1812;310;27.09.2015 18:00;7
1813;39;27.09.2015 18:19;6
1814;302;27.09.2015 22:30;1
1815;386;27.09.2015 23:49;3
1816;109;28.09.2015 07:38;5
1817;21;28.09.2015 09:43;8
1818;340;28.09.2015 10:28;9
1819;53;28.09.2015 18:16;10
1820;424;28.09.2015 20:03;2
1821;433;28.09.2015 21:41;7
1822;486;28.09.2015 21:50;4
1823;407;29.09.2015 06:46;8
1824;48;29.09.2015 10:05;3
1825;432;29.09.2015 10:12;3
1826;119;29.09.2015 14:25;8
1827;413;30.09.2015 13:20;5
1828;490;30.09.2015 13:37;8
1829;254;30.09.2015 15:42;7
1830;356;30.09.2015 22:42;2
1831;55;30.09.2015 22:58;3
1832;308;01.10.2015 02:16;3
1833;151;01.10.2015 03:28;3
1834;461;01.10.2015 12:14;8
1835;56;01.10.2015 14:42;4
1836;331;01.10.2015 14:48;2
1837;104;01.10.2015 20:13;10
1838;283;02.10.2015 01:06;7
1839;312;02.10.2015 08:54;5
1840;276;02.10.2015 09:04;6
1841;482;02.10.2015 13:44;6
1842;419;02.10.2015 14:51;2
1843;205;02.10.2015 22:24;8
1844;217;03.10.2015 01:54;9
1845;388;03.10.2015 12:18;3
1846;131;03.10.2015 16:12;7
1847;314;03.10.2015 17:46;7
1848;467;03.10.2015 19:28;8
1849;349;03.10.2015 22:41;10
1850;245;04.10.2015 14:55;1
1851;116;04.10.2015 19:25;2
1852;433;04.10.2015 23:21;9
1853;191;05.10.2015 07:53;5
1854;463;05.10.2015 12:40;1
1855;90;05.10.2015 22:38;10
1856;236;06.10.2015 04:48;9
1857;347;06.10.2015 06:08;8
1858;78;06.10.2015 06:42;4
1859;377;06.10.2015 11:19;10
1860;276;06.10.2015 14:13;8
1861;321;06.10.2015 15:24;1
1862;204;06.10.2015 15:51;3
1863;217;06.10.2015 19:25;2
1864;89;06.10.2015 19:37;4
1865;391;06.10.2015 21:36;9
1866;48;06.10.2015 21:42;10
1867;394;06.10.2015 22:10;7
1868;423;07.10.2015 00:20;7
1869;86;07.10.2015 02:22;9
1870;15;07.10.2015 08:50;2
1871;206;07.10.2015 10:32;1
1872;496;07.10.2015 13:48;3
1873;212;07.10.2015 17:04;7
1874;348;08.10.2015 01:29;4
1875;54;08.10.2015 04:43;7
1876;321;08.10.2015 09:46;1
1877;354;08.10.2015 17:52;3
1878;22;08.10.2015 21:27;7
1879;380;09.10.2015 00:56;2
1880;452;09.10.2015 02:49;6
1881;297;09.10.2015 04:36;5
1882;281;09.10.2015 04:51;7
1883;183;09.10.2015 04:52;4
1884;177;09.10.2015 13:50;2
1885;344;09.10.2015 16:02;2
1886;445;09.10.2015 17:47;9
1887;159;09.10.2015 19:31;9
1888;398;09.10.2015 20:03;5
1889;500;09.10.2015 21:01;2
1890;77;09.10.2015 22:15;1
1891;54;10.10.2015 10:21;6
1892;339;10.10.2015 11:42;9
1893;87;10.10.2015 19:21;7
1894;385;11.10.2015 05:43;7
1895;260;11.10.2015 06:32;9
1896;289;11.10.2015 07:56;4
1897;95;11.10.2015 16:17;8
1898;259;11.10.2015 19:23;4
1899;157;11.10.2015 20:58;10
1900;473;12.10.2015 00:49;3
1901;61;12.10.2015 02:47;2
1902;302;12.10.2015 04:18;5
1903;422;12.10.2015 11:26;7
1904;15;12.10.2015 19:42;7
1905;385;12.10.2015 19:57;1
1906;341;12.10.2015 22:28;2
1907;375;13.10.2015 00:40;10
1908;356;13.10.2015 09:10;5
1909;190;13.10.2015 09:19;8
1910;479;13.10.2015 12:44;3
1911;235;13.10.2015 16:42;3
1912;25;13.10.2015 19:32;6
1913;93;13.10.2015 19:45;1
1914;298;14.10.2015 00:34;7
1915;243;14.10.2015 03:01;3
1916;302;14.10.2015 07:07;7
1917;310;14.10.2015 09:18;7
1918;300;14.10.2015 10:59;6
1919;470;14.10.2015 12:09;9
1920;186;14.10.2015 18:39;4
1921;366;14.10.2015 23:24;9
1922;378;15.10.2015 08:32;5
1923;489;15.10.2015 10:56;7
1924;464;15.10.2015 11:10;8
1925;170;15.10.2015 18:12;8
1926;13;16.10.2015 01:32;9
1927;98;16.10.2015 03:12;8
1928;95;16.10.2015 04:48;2
1929;398;16.10.2015 07:26;4
1930;273;16.10.2015 14:53;1
1931;29;16.10.2015 15:54;10
1932;109;16.10.2015 19:56;1
1933;419;17.10.2015 02:11;1
1934;250;17.10.2015 02:49;3
1935;74;17.10.2015 05:06;3
1936;123;17.10.2015 05:56;6
1937;406;17.10.2015 16:12;4
1938;105;17.10.2015 21:39;9
1939;422;17.10.2015 23:03;8
1940;189;18.10.2015 08:24;7
1941;420;18.10.2015 09:35;2
1942;32;18.10.2015 09:47;2
1943;491;18.10.2015 13:56;5
1944;127;18.10.2015 15:41;9
1945;251;18.10.2015 16:16;10
1946;192;18.10.2015 18:25;1
1947;193;18.10.2015 21:51;1
1948;460;19.10.2015 07:48;1
1949;24;19.10.2015 08:08;8
1950;375;19.10.2015 10:59;8
1951;56;19.10.2015 14:02;8
1952;198;19.10.2015 14:39;9
1953;1;19.10.2015 16:34;6
1954;387;19.10.2015 17:56;6
1955;408;19.10.2015 23:16;5
1956;73;20.10.2015 04:29;2
1957;491;20.10.2015 06:31;4
1958;57;20.10.2015 11:35;10
1959;454;20.10.2015 11:48;4
1960;447;20.10.2015 12:59;2
1961;361;20.10.2015 21:48;7
1962;382;21.10.2015 08:09;6
1963;33;21.10.2015 09:35;2
1964;361;21.10.2015 10:05;7
1965;39;21.10.2015 10:24;10
1966;216;21.10.2015 16:00;2
1967;165;21.10.2015 16:51;9
1968;223;21.10.2015 18:23;10
1969;115;21.10.2015 19:51;7
1970;251;21.10.2015 22:45;9
1971;198;22.10.2015 03:39;6
1972;156;22.10.2015 13:55;7
1973;249;22.10.2015 14:30;10
1974;356;22.10.2015 14:39;2
1975;417;22.10.2015 17:42;1
1976;374;22.10.2015 19:22;1
1977;120;22.10.2015 19:45;10
1978;199;22.10.2015 20:45;5
1979;315;22.10.2015 21:16;3
1980;307;22.10.2015 22:51;7
1981;278;23.10.2015 04:00;9
1982;469;23.10.2015 09:56;1
1983;171;23.10.2015 12:42;4
1984;136;23.10.2015 13:19;3
1985;443;23.10.2015 17:57;9
1986;74;23.10.2015 19:06;4
1987;156;23.10.2015 19:12;4
1988;174;24.10.2015 02:15;6
1989;305;24.10.2015 03:56;8
1990;274;24.10.2015 04:02;4
1991;460;24.10.2015 05:29;4
1992;22;24.10.2015 06:32;2
1993;392;24.10.2015 15:08;4
1994;381;24.10.2015 17:17;3
1995;52;24.10.2015 21:22;9
1996;192;24.10.2015 22:54;10
1997;461;24.10.2015 23:56;7
1998;382;25.10.2015 01:02;8
1999;143;25.10.2015 05:41;5
2000;310;25.10.2015 05:46;1
2001;290;25.10.2015 11:30;10
2002;6;25.10.2015 14:27;10
2003;243;25.10.2015 17:42;6
2004;374;25.10.2015 20:41;6
2005;422;25.10.2015 20:55;9
2006;190;25.10.2015 22:24;1
2007;382;26.10.2015 02:36;8
2008;300;26.10.2015 02:40;9
2009;272;26.10.2015 03:53;4
2010;449;26.10.2015 05:34;8
2011;460;26.10.2015 05:59;6
2012;355;26.10.2015 17:23;2
2013;123;26.10.2015 19:43;2
2014;494;26.10.2015 23:12;6
2015;1;26.10.2015 23:15;10
2016;369;27.10.2015 00:07;2
2017;66;27.10.2015 03:46;2
2018;391;27.10.2015 04:04;7
2019;236;27.10.2015 08:16;9
2020;386;27.10.2015 08:35;5
2021;495;27.10.2015 10:20;6
2022;32;27.10.2015 10:50;2
2023;264;27.10.2015 16:06;6
2024;273;27.10.2015 16:45;3
2025;79;27.10.2015 16:55;4
2026;273;27.10.2015 18:31;4
2027;452;27.10.2015 18:39;10
2028;310;27.10.2015 22:50;6
2029;435;28.10.2015 00:03;5
2030;123;28.10.2015 00:26;7
2031;319;28.10.2015 01:59;8
2032;316;28.10.2015 04:19;10
2033;246;28.10.2015 06:47;4
2034;171;28.10.2015 11:00;10
2035;306;28.10.2015 19:05;8
2036;419;29.10.2015 02:43;8
2037;30;29.10.2015 03:09;7
2038;93;29.10.2015 04:01;6
2039;130;29.10.2015 06:28;8
2040;6;29.10.2015 19:32;3
2041;72;29.10.2015 23:42;3
2042;79;30.10.2015 02:23;3
2043;398;30.10.2015 09:25;2
2044;496;30.10.2015 15:40;6
2045;107;30.10.2015 17:07;10
2046;495;30.10.2015 21:11;5
2047;317;30.10.2015 21:43;10
2048;8;30.10.2015 22:22;1
2049;37;31.10.2015 00:43;6
2050;245;31.10.2015 02:29;6
2051;174;31.10.2015 03:45;4
2052;356;31.10.2015 04:51;10
2053;274;31.10.2015 04:56;3
2054;306;31.10.2015 05:21;7
2055;14;31.10.2015 06:17;4
2056;367;31.10.2015 19:58;9
2057;109;01.11.2015 13:11;6
2058;199;01.11.2015 18:31;2
2059;290;01.11.2015 20:57;8
2060;406;02.11.2015 02:11;4
2061;226;02.11.2015 03:29;8
2062;387;02.11.2015 06:52;6
2063;356;02.11.2015 07:29;4
2064;82;02.11.2015 16:34;5
2065;387;02.11.2015 17:44;5
2066;23;02.11.2015 19:32;8
2067;223;02.11.2015 20:23;4
2068;161;03.11.2015 07:32;1
2069;449;03.11.2015 08:07;1
2070;406;03.11.2015 13:04;6
2071;386;03.11.2015 18:23;8
2072;227;03.11.2015 18:30;7
2073;83;03.11.2015 21:39;5
2074;255;04.11.2015 00:48;7
2075;445;04.11.2015 01:37;2
2076;97;04.11.2015 02:29;5
2077;71;04.11.2015 05:13;5
2078;75;04.11.2015 22:05;1
2079;13;04.11.2015 23:02;5
2080;497;05.11.2015 07:56;10
2081;475;05.11.2015 13:05;1
2082;481;05.11.2015 23:06;1
2083;111;06.11.2015 00:34;10
2084;319;06.11.2015 04:02;4
2085;292;06.11.2015 04:39;6
2086;445;06.11.2015 09:52;10
2087;3;06.11.2015 12:38;6
2088;125;06.11.2015 14:39;2
2089;171;06.11.2015 19:54;10
2090;14;06.11.2015 22:45;2
2091;104;07.11.2015 01:42;6
2092;141;07.11.2015 03:52;9
2093;497;07.11.2015 04:12;4
2094;76;07.11.2015 10:45;6
2095;317;07.11.2015 15:11;9
2096;237;07.11.2015 20:15;7
2097;243;07.11.2015 20:45;4
2098;14;07.11.2015 23:56;1
2099;376;08.11.2015 03:36;10
2100;124;08.11.2015 06:15;1
2101;91;08.11.2015 16:47;8
2102;144;08.11.2015 19:47;2
2103;7;08.11.2015 20:10;2
2104;215;08.11.2015 21:48;4
2105;188;08.11.2015 23:10;2
2106;50;08.11.2015 23:19;8
2107;186;08.11.2015 23:20;4
2108;366;09.11.2015 01:08;5
2109;241;09.11.2015 02:27;7
2110;222;09.11.2015 08:53;6
2111;327;09.11.2015 09:06;2
2112;493;09.11.2015 09:26;1
2113;183;09.11.2015 16:21;4
2114;141;09.11.2015 16:48;1
2115;224;09.11.2015 17:02;7
2116;213;09.11.2015 17:50;4
2117;445;09.11.2015 23:00;9
2118;445;10.11.2015 01:25;3
2119;22;10.11.2015 06:54;3
2120;383;10.11.2015 10:42;10
2121;13;10.11.2015 12:59;6
2122;246;10.11.2015 13:12;1
2123;48;10.11.2015 22:47;2
2124;240;11.11.2015 02:04;4
2125;497;11.11.2015 06:50;3
2126;4;11.11.2015 08:19;5
2127;81;11.11.2015 12:32;4
2128;364;11.11.2015 16:37;3
2129;422;11.11.2015 17:08;5
2130;419;12.11.2015 01:13;6
2131;431;12.11.2015 01:27;7
2132;64;12.11.2015 03:08;2
2133;362;12.11.2015 07:29;8
2134;286;12.11.2015 07:32;7
2135;479;12.11.2015 12:23;4
2136;201;12.11.2015 14:40;2
2137;464;12.11.2015 16:00;1
2138;214;13.11.2015 12:36;10
2139;14;13.11.2015 15:13;10
2140;95;13.11.2015 15:23;5
2141;159;14.11.2015 01:42;10
2142;366;14.11.2015 04:30;4
2143;309;14.11.2015 07:30;10
2144;223;14.11.2015 11:49;6
2145;188;14.11.2015 11:53;4
2146;441;14.11.2015 15:43;5
2147;273;14.11.2015 17:07;4
2148;443;14.11.2015 21:15;6
2149;400;14.11.2015 21:52;8
2150;438;14.11.2015 21:58;4
2151;50;14.11.2015 22:22;2
2152;303;15.11.2015 01:13;2
2153;176;15.11.2015 02:01;9
2154;339;15.11.2015 07:09;9
2155;44;15.11.2015 08:39;3
2156;42;15.11.2015 13:15;4
2157;286;15.11.2015 15:23;9
2158;259;15.11.2015 17:39;6
2159;374;15.11.2015 20:52;7
2160;205;15.11.2015 22:48;10
2161;407;16.11.2015 03:52;10
2162;120;16.11.2015 06:36;2
2163;298;16.11.2015 17:54;8
2164;369;17.11.2015 00:14;5
2165;186;17.11.2015 07:04;9
2166;395;17.11.2015 22:31;8
2167;106;17.11.2015 23:42;2
2168;92;18.11.2015 02:30;5
2169;46;18.11.2015 12:23;7
2170;30;18.11.2015 19:57;7
2171;243;18.11.2015 20:16;3
2172;245;18.11.2015 21:20;8
2173;213;19.11.2015 01:00;9
2174;349;19.11.2015 06:44;7
2175;192;19.11.2015 08:33;6
2176;251;19.11.2015 11:11;7
2177;240;19.11.2015 18:58;5
2178;99;19.11.2015 23:23;2
2179;286;20.11.2015 00:12;5
2180;259;20.11.2015 04:07;8
2181;61;20.11.2015 05:15;8
2182;33;20.11.2015 07:08;2
2183;223;20.11.2015 11:55;3
2184;119;20.11.2015 13:20;9
2185;157;20.11.2015 16:35;10
2186;408;20.11.2015 18:21;3
2187;486;20.11.2015 19:55;6
2188;397;21.11.2015 10:54;3
2189;219;21.11.2015 14:26;5
2190;16;21.11.2015 22:47;10
2191;159;22.11.2015 01:44;9
2192;106;22.11.2015 03:02;8
2193;302;22.11.2015 03:17;6
2194;348;22.11.2015 04:35;1
2195;116;22.11.2015 07:30;9
2196;185;22.11.2015 07:59;2
2197;243;22.11.2015 11:48;4
2198;364;22.11.2015 14:43;2
2199;286;22.11.2015 18:45;2
2200;253;22.11.2015 22:13;9
2201;422;23.11.2015 05:10;10
2202;297;23.11.2015 13:03;10
2203;210;23.11.2015 16:41;3
2204;231;23.11.2015 21:14;8
2205;212;23.11.2015 22:41;8
2206;91;24.11.2015 07:00;1
2207;482;24.11.2015 07:18;1
2208;13;24.11.2015 12:48;3
2209;15;24.11.2015 15:39;6
2210;236;24.11.2015 22:35;6
2211;6;25.11.2015 06:46;8
2212;230;25.11.2015 07:42;8
2213;432;25.11.2015 18:15;3
2214;254;25.11.2015 22:37;1
2215;394;26.11.2015 06:12;6
2216;395;26.11.2015 15:44;2
2217;59;26.11.2015 16:37;4
2218;459;26.11.2015 22:00;3
2219;30;27.11.2015 02:00;2
2220;61;27.11.2015 19:01;3
2221;412;27.11.2015 20:34;6
2222;424;27.11.2015 21:47;7
2223;306;27.11.2015 22:13;8
2224;249;28.11.2015 00:27;8
2225;315;28.11.2015 03:06;1
2226;433;28.11.2015 04:48;8
2227;442;28.11.2015 06:49;4
2228;241;28.11.2015 09:49;8
2229;191;28.11.2015 10:00;9
2230;279;28.11.2015 10:03;5
2231;257;28.11.2015 10:41;3
2232;487;28.11.2015 11:26;3
2233;281;28.11.2015 12:55;3
2234;367;28.11.2015 14:13;3
2235;395;28.11.2015 15:09;7
2236;73;28.11.2015 16:18;6
2237;194;28.11.2015 18:36;1
2238;302;28.11.2015 19:50;9
2239;326;28.11.2015 22:18;2
2240;140;29.11.2015 04:26;10
2241;362;29.11.2015 04:58;4
2242;129;29.11.2015 07:07;2
2243;323;29.11.2015 07:34;5
2244;199;29.11.2015 19:07;7
2245;394;29.11.2015 22:19;4
2246;328;29.11.2015 22:24;2
2247;236;29.11.2015 22:55;1
2248;494;29.11.2015 23:52;2
2249;76;30.11.2015 08:38;10
2250;180;30.11.2015 12:10;5
2251;69;30.11.2015 16:56;2
2252;434;30.11.2015 19:40;5
2253;240;30.11.2015 20:04;4
2254;143;30.11.2015 20:34;6
2255;442;30.11.2015 21:41;2
2256;116;30.11.2015 23:33;6
2257;37;01.12.2015 07:17;4
2258;487;01.12.2015 08:02;4
2259;310;01.12.2015 11:40;6
2260;384;01.12.2015 13:14;4
2261;191;01.12.2015 18:34;4
2262;474;01.12.2015 20:22;1
2263;187;01.12.2015 21:21;5
2264;212;01.12.2015 23:19;10
2265;400;02.12.2015 06:32;7
2266;171;02.12.2015 09:00;7
2267;480;02.12.2015 12:44;10
2268;445;02.12.2015 13:19;7
2269;205;02.12.2015 15:16;7
2270;5;02.12.2015 15:52;8
2271;253;02.12.2015 23:41;8
2272;382;03.12.2015 05:34;2
2273;297;03.12.2015 10:30;7
2274;158;04.12.2015 01:33;2
2275;329;04.12.2015 01:36;3
2276;199;04.12.2015 04:43;5
2277;127;04.12.2015 06:58;6
2278;191;04.12.2015 09:24;1
2279;465;04.12.2015 10:39;5
2280;467;04.12.2015 12:51;10
2281;458;05.12.2015 03:35;8
2282;247;05.12.2015 08:15;6
2283;420;05.12.2015 14:08;6
2284;229;05.12.2015 19:57;10
2285;253;06.12.2015 00:36;3
2286;66;06.12.2015 01:15;4
2287;259;06.12.2015 06:18;9
2288;156;06.12.2015 08:17;1
2289;437;06.12.2015 11:51;5
2290;449;06.12.2015 18:59;10
2291;106;06.12.2015 22:29;10
2292;32;06.12.2015 22:55;4
2293;388;07.12.2015 03:09;3
2294;469;07.12.2015 13:21;6
2295;30;07.12.2015 14:22;10
2296;243;07.12.2015 21:30;4
2297;113;07.12.2015 22:56;1
2298;198;08.12.2015 05:03;3
2299;111;08.12.2015 10:45;1
2300;438;08.12.2015 12:37;5
2301;89;08.12.2015 14:52;8
2302;420;08.12.2015 16:05;8
2303;489;08.12.2015 19:20;3
2304;461;09.12.2015 04:21;4
2305;362;09.12.2015 08:11;10
2306;4;09.12.2015 11:58;6
2307;3;09.12.2015 15:26;5
2308;335;09.12.2015 18:29;6
2309;340;09.12.2015 23:17;8
2310;340;10.12.2015 01:37;1
2311;270;10.12.2015 03:49;9
2312;254;10.12.2015 04:00;5
2313;321;10.12.2015 12:26;4
2314;271;10.12.2015 14:29;2
2315;463;10.12.2015 15:13;6
2316;428;10.12.2015 19:03;5
2317;34;10.12.2015 19:42;3
2318;380;10.12.2015 22:01;9
2319;352;10.12.2015 23:20;2
2320;235;10.12.2015 23:42;5
2321;74;11.12.2015 01:56;6
2322;194;11.12.2015 04:26;8
2323;342;11.12.2015 06:38;8
2324;84;11.12.2015 10:09;2
2325;34;11.12.2015 13:43;6
2326;40;11.12.2015 15:29;4
2327;420;11.12.2015 17:48;3
2328;115;11.12.2015 18:01;8
2329;465;11.12.2015 21:33;5
2330;86;12.12.2015 06:39;6
2331;309;12.12.2015 18:19;3
2332;434;12.12.2015 21:29;9
2333;463;12.12.2015 22:08;8
2334;421;12.12.2015 23:08;6
2335;27;13.12.2015 01:31;8
2336;228;13.12.2015 05:40;8
2337;411;13.12.2015 07:52;8
2338;451;13.12.2015 09:52;3
2339;409;13.12.2015 20:07;9
2340;344;13.12.2015 20:21;9
2341;436;13.12.2015 23:21;4
2342;290;14.12.2015 00:59;3
2343;112;14.12.2015 04:07;10
2344;304;14.12.2015 19:35;6
2345;327;14.12.2015 20:06;8
2346;210;14.12.2015 23:40;1
2347;93;15.12.2015 01:31;6
2348;417;15.12.2015 05:16;7
2349;304;15.12.2015 13:49;2
2350;477;15.12.2015 15:36;3
2351;73;16.12.2015 06:28;7
2352;83;16.12.2015 11:37;3
2353;54;16.12.2015 15:28;10
2354;377;17.12.2015 00:40;8
2355;292;17.12.2015 01:18;6
2356;371;17.12.2015 02:39;6
2357;50;17.12.2015 05:55;6
2358;276;17.12.2015 10:30;7
2359;441;17.12.2015 13:41;3
2360;312;17.12.2015 14:15;5
2361;303;17.12.2015 15:12;1
2362;79;17.12.2015 16:35;4
2363;4;17.12.2015 19:53;6
2364;279;18.12.2015 02:08;10
2365;214;18.12.2015 03:56;4
2366;317;18.12.2015 04:09;8
2367;473;18.12.2015 07:20;5
2368;393;18.12.2015 07:50;7
2369;438;18.12.2015 08:24;6
2370;450;18.12.2015 12:13;9
2371;444;18.12.2015 16:43;9
2372;386;18.12.2015 20:41;5
2373;347;18.12.2015 23:09;10
2374;300;19.12.2015 03:38;6
2375;180;19.12.2015 08:19;5
2376;18;19.12.2015 08:56;9
2377;126;19.12.2015 09:22;1
2378;29;19.12.2015 10:30;3
2379;299;19.12.2015 11:51;2
2380;29;19.12.2015 19:30;6
2381;429;19.12.2015 22:48;1
2382;291;19.12.2015 23:29;9
2383;354;20.12.2015 05:06;5
2384;429;20.12.2015 06:04;1
2385;129;20.12.2015 09:40;4
2386;246;20.12.2015 10:23;3
2387;43;20.12.2015 11:23;5
2388;463;20.12.2015 11:28;4
2389;392;20.12.2015 14:47;2
2390;404;20.12.2015 16:51;5
2391;90;20.12.2015 18:37;6
2392;396;20.12.2015 21:47;6
2393;403;20.12.2015 22:05;3
2394;19;20.12.2015 23:53;7
2395;383;21.12.2015 00:04;4
2396;127;21.12.2015 00:37;3
2397;66;21.12.2015 03:28;6
2398;74;21.12.2015 20:19;7
2399;481;21.12.2015 20:35;8
2400;132;21.12.2015 21:43;4
2401;26;21.12.2015 21:59;4
2402;183;21.12.2015 23:07;2
2403;111;22.12.2015 02:49;8
2404;212;22.12.2015 05:55;6
2405;53;22.12.2015 06:58;2
2406;420;22.12.2015 08:16;7
2407;33;22.12.2015 08:33;2
2408;33;22.12.2015 16:11;10
2409;213;22.12.2015 17:19;7
2410;99;22.12.2015 18:07;5
2411;187;22.12.2015 19:46;9
2412;413;22.12.2015 20:16;8
2413;397;22.12.2015 20:41;8
2414;230;23.12.2015 00:24;4
2415;263;23.12.2015 00:42;8
2416;188;23.12.2015 05:49;7
2417;459;23.12.2015 07:07;7
2418;443;23.12.2015 07:07;9
2419;20;23.12.2015 07:08;10
2420;78;23.12.2015 07:09;10
2421;378;23.12.2015 07:09;6
2422;458;23.12.2015 07:10;10
2423;186;23.12.2015 07:12;6
2424;323;23.12.2015 07:16;8
2425;354;23.12.2015 07:17;10
2426;87;23.12.2015 07:19;7
2427;377;23.12.2015 07:20;8
2428;430;23.12.2015 07:23;8
2429;259;23.12.2015 07:23;10
2430;89;23.12.2015 07:24;8
2431;419;23.12.2015 09:30;2
2432;6;23.12.2015 17:01;8
2433;483;23.12.2015 17:21;3
2434;61;23.12.2015 22:47;7
2435;31;24.12.2015 00:13;7
2436;112;24.12.2015 03:22;10
2437;37;24.12.2015 07:42;1
2438;239;24.12.2015 09:07;10
2439;467;24.12.2015 10:44;4
2440;89;24.12.2015 19:50;4
2441;392;24.12.2015 20:58;6
2442;358;24.12.2015 22:51;5
2443;426;25.12.2015 01:06;8
2444;208;25.12.2015 04:28;2
2445;64;25.12.2015 06:27;7
2446;440;25.12.2015 06:37;9
2447;202;25.12.2015 08:10;8
2448;463;25.12.2015 10:01;1
2449;43;25.12.2015 12:33;2
2450;290;25.12.2015 14:31;1
2451;449;25.12.2015 14:47;5
2452;143;25.12.2015 16:06;8
2453;73;25.12.2015 21:58;2
2454;107;26.12.2015 04:42;9
2455;191;26.12.2015 05:00;1
2456;195;26.12.2015 08:41;7
2457;99;26.12.2015 10:41;8
2458;373;26.12.2015 15:28;4
2459;92;26.12.2015 17:10;3
2460;374;26.12.2015 17:15;9
2461;483;26.12.2015 18:11;6
2462;196;26.12.2015 20:44;2
2463;482;26.12.2015 21:49;10
2464;271;26.12.2015 22:11;9
2465;117;27.12.2015 05:10;5
2466;463;27.12.2015 05:15;9
2467;20;27.12.2015 14:39;9
2468;357;27.12.2015 15:55;6
2469;223;27.12.2015 15:57;1
2470;205;27.12.2015 20:11;1
2471;458;27.12.2015 21:50;3
2472;392;28.12.2015 03:46;5
2473;481;28.12.2015 04:12;9
2474;20;28.12.2015 05:21;5
2475;141;28.12.2015 08:50;5
2476;116;28.12.2015 15:47;9
2477;473;28.12.2015 22:34;2
2478;302;28.12.2015 23:24;4
2479;119;29.12.2015 10:34;5
2480;410;29.12.2015 11:33;2
2481;274;29.12.2015 15:54;10
2482;272;29.12.2015 18:22;9
2483;101;30.12.2015 04:27;4
2484;86;30.12.2015 04:55;8
2485;78;30.12.2015 05:11;3
2486;303;30.12.2015 10:38;7
2487;487;30.12.2015 11:42;1
2488;277;30.12.2015 13:58;1
2489;461;30.12.2015 16:02;3
2490;151;30.12.2015 17:12;10
2491;92;30.12.2015 20:35;10
2492;218;31.12.2015 00:37;8
2493;358;31.12.2015 05:13;5
2494;382;31.12.2015 12:31;5
2495;72;31.12.2015 19:38;6
