Column1;Column2;Column3
01.01.2005;872-13-44-365;10
04.01.2005;369-43-03-176;2
05.01.2005;408-24-90-350;2
10.01.2005;944-16-93-033;5
11.01.2005;645-32-78-780;14
13.01.2005;594-18-15-403;436
14.01.2005;043-34-53-278;95
18.01.2005;254-14-00-156;350
19.01.2005;254-14-00-156;231
20.01.2005;885-74-10-856;38
22.01.2005;847-48-41-699;440
24.01.2005;749-02-70-623;120
25.01.2005;128-69-77-900;11
26.01.2005;904-16-42-385;36
27.01.2005;749-02-70-623;51
02.02.2005;254-14-00-156;465
03.02.2005;775-48-66-885;8
05.02.2005;799-94-72-837;287
05.02.2005;045-63-27-114;12
10.02.2005;351-06-97-406;6
14.02.2005;413-93-89-926;321
18.02.2005;269-65-16-447;99
18.02.2005;080-51-85-809;91
24.02.2005;799-94-72-837;118
25.02.2005;910-38-33-489;58
26.02.2005;396-32-41-555;16
26.02.2005;178-24-36-171;348
27.02.2005;594-18-15-403;336
27.02.2005;178-24-36-171;435
27.02.2005;033-49-11-774;110
01.03.2005;337-27-67-378;204
01.03.2005;269-65-16-447;20
03.03.2005;410-52-79-946;102
05.03.2005;294-48-56-993;48
07.03.2005;178-24-36-171;329
09.03.2005;961-86-77-989;16
10.03.2005;378-70-08-798;102
10.03.2005;799-94-72-837;309
12.03.2005;594-18-15-403;331
17.03.2005;665-06-94-730;3
18.03.2005;534-94-49-182;76
18.03.2005;935-78-99-209;196
20.03.2005;269-65-16-447;54
24.03.2005;847-48-41-699;277
26.03.2005;996-09-76-697;7
28.03.2005;019-98-81-222;12
29.03.2005;962-06-61-806;7
31.03.2005;254-14-00-156;416
03.04.2005;254-14-00-156;263
06.04.2005;369-43-03-176;15
10.04.2005;410-52-79-946;194
11.04.2005;968-49-97-804;120
12.04.2005;254-14-00-156;175
14.04.2005;205-96-13-336;12
15.04.2005;916-94-78-836;174
16.04.2005;242-04-13-206;3
17.04.2005;761-06-34-233;149
18.04.2005;413-93-89-926;492
18.04.2005;377-37-44-068;2
19.04.2005;799-94-72-837;298
30.04.2005;413-93-89-926;201
01.05.2005;176-54-34-364;15
01.05.2005;799-94-72-837;319
02.05.2005;159-34-45-151;9
04.05.2005;715-03-63-213;15
07.05.2005;178-24-36-171;444
07.05.2005;599-00-55-316;13
09.05.2005;392-78-93-552;366
20.05.2005;847-48-41-699;259
21.05.2005;089-90-67-935;16
24.05.2005;378-70-08-798;49
25.05.2005;596-37-06-465;3
25.05.2005;178-24-36-171;251
27.05.2005;534-94-49-182;179
29.05.2005;749-02-70-623;116
29.05.2005;528-09-83-923;13
31.05.2005;590-28-48-646;3
31.05.2005;941-01-60-075;253
07.06.2005;033-49-11-774;83
09.06.2005;269-65-16-447;177
09.06.2005;843-22-41-173;7
10.06.2005;495-93-92-849;46
11.06.2005;662-14-22-719;2
12.06.2005;944-16-93-033;9
14.06.2005;753-35-55-536;3
14.06.2005;322-66-15-999;67
14.06.2005;392-78-93-552;425
15.06.2005;594-18-15-403;453
20.06.2005;178-24-36-171;212
22.06.2005;800-16-32-869;19
23.06.2005;043-34-53-278;81
25.06.2005;126-55-91-375;7
26.06.2005;507-22-76-992;179
28.06.2005;799-94-72-837;222
29.06.2005;531-65-00-714;14
01.07.2005;767-55-58-288;15
03.07.2005;692-61-16-906;97
09.07.2005;910-38-33-489;142
13.07.2005;392-78-93-552;214
13.07.2005;799-94-72-837;408
14.07.2005;904-16-42-385;144
14.07.2005;043-34-53-278;173
16.07.2005;851-69-49-933;15
18.07.2005;941-01-60-075;433
22.07.2005;620-15-33-614;137
25.07.2005;941-01-60-075;118
25.07.2005;847-48-41-699;158
26.07.2005;599-00-55-316;13
27.07.2005;368-99-22-310;2
29.07.2005;941-01-60-075;467
30.07.2005;153-24-82-022;9
03.08.2005;527-15-00-673;189
04.08.2005;178-41-36-927;19
05.08.2005;847-48-41-699;172
06.08.2005;322-66-15-999;84
06.08.2005;284-59-84-568;8
06.08.2005;513-33-14-553;66
07.08.2005;916-94-78-836;35
08.08.2005;534-94-49-182;91
13.08.2005;254-14-00-156;396
13.08.2005;982-09-19-706;6
15.08.2005;378-70-08-798;47
17.08.2005;080-51-85-809;41
18.08.2005;884-31-58-627;136
19.08.2005;047-70-78-199;16
21.08.2005;300-07-32-070;18
25.08.2005;340-11-17-090;11
25.08.2005;970-73-69-415;8
25.08.2005;740-87-37-389;16
25.08.2005;378-70-08-798;54
26.08.2005;941-01-60-075;299
28.08.2005;513-33-14-553;168
29.08.2005;847-48-41-699;106
30.08.2005;904-16-42-385;41
30.08.2005;761-06-34-233;31
01.09.2005;053-79-35-388;8
04.09.2005;080-51-85-809;63
07.09.2005;594-18-15-403;368
08.09.2005;773-39-15-273;106
09.09.2005;885-74-10-856;47
09.09.2005;941-01-60-075;447
10.09.2005;513-33-14-553;106
11.09.2005;314-76-34-892;13
11.09.2005;495-93-92-849;89
11.09.2005;935-78-99-209;105
11.09.2005;254-14-00-156;147
13.09.2005;847-48-41-699;309
15.09.2005;378-70-08-798;47
17.09.2005;941-01-60-075;404
17.09.2005;936-67-95-170;39
17.09.2005;904-16-42-385;61
20.09.2005;527-15-00-673;89
22.09.2005;033-49-11-774;127
25.09.2005;269-65-16-447;81
28.09.2005;392-78-93-552;433
28.09.2005;847-48-41-699;284
29.09.2005;043-34-53-278;122
01.10.2005;936-67-95-170;193
03.10.2005;378-70-08-798;118
04.10.2005;594-18-15-403;173
07.10.2005;178-24-36-171;392
08.10.2005;351-06-97-406;8
13.10.2005;378-70-08-798;132
13.10.2005;885-74-10-856;76
14.10.2005;530-86-39-445;17
15.10.2005;054-09-46-315;17
18.10.2005;014-02-05-290;2
20.10.2005;080-51-85-809;125
21.10.2005;941-01-60-075;234
27.10.2005;513-33-14-553;53
28.10.2005;916-94-78-836;165
28.10.2005;749-02-70-623;177
30.10.2005;269-65-16-447;103
01.11.2005;900-85-70-552;2
01.11.2005;847-48-41-699;279
06.11.2005;534-94-49-182;185
07.11.2005;254-14-00-156;434
11.11.2005;954-85-72-732;10
13.11.2005;804-82-65-826;9
14.11.2005;337-27-67-378;383
14.11.2005;534-94-49-182;189
16.11.2005;904-16-42-385;161
16.11.2005;620-15-33-614;115
18.11.2005;513-33-14-553;58
18.11.2005;277-10-19-546;16
19.11.2005;662-14-22-719;17
20.11.2005;594-18-15-403;177
21.11.2005;773-39-15-273;33
24.11.2005;269-65-16-447;60
26.11.2005;140-36-11-559;8
01.12.2005;847-48-41-699;317
03.12.2005;403-50-07-403;3
05.12.2005;182-72-86-381;16
14.12.2005;153-24-82-022;2
19.12.2005;749-02-70-623;161
22.12.2005;916-94-78-836;187
22.12.2005;296-66-33-717;17
23.12.2005;550-69-18-758;5
25.12.2005;662-14-22-719;10
25.12.2005;799-94-72-837;225
30.12.2005;413-93-89-926;367
04.01.2006;799-94-72-837;295
08.01.2006;322-66-15-999;26
08.01.2006;015-89-55-248;16
12.01.2006;847-48-41-699;165
12.01.2006;824-54-79-834;20
17.01.2006;029-43-78-009;2
17.01.2006;172-30-09-104;7
17.01.2006;665-06-94-730;7
17.01.2006;773-39-15-273;72
18.01.2006;884-31-58-627;59
19.01.2006;392-78-93-552;212
24.01.2006;413-93-89-926;195
24.01.2006;126-55-91-375;16
28.01.2006;904-16-42-385;187
03.02.2006;413-93-89-926;369
06.02.2006;968-49-97-804;190
06.02.2006;799-94-72-837;453
06.02.2006;178-24-36-171;223
07.02.2006;368-99-22-310;1
09.02.2006;322-66-15-999;170
09.02.2006;804-82-65-826;19
09.02.2006;413-93-89-926;464
13.02.2006;254-14-00-156;230
17.02.2006;847-48-41-699;387
18.02.2006;392-78-93-552;264
19.02.2006;269-65-16-447;163
20.02.2006;205-96-13-336;14
21.02.2006;884-31-58-627;98
04.03.2006;325-70-30-985;16
04.03.2006;294-48-56-993;80
08.03.2006;761-06-34-233;127
10.03.2006;080-51-85-809;170
11.03.2006;692-61-16-906;28
12.03.2006;374-01-18-051;12
14.03.2006;985-21-38-706;10
15.03.2006;534-94-49-182;65
16.03.2006;967-21-71-491;17
16.03.2006;847-48-41-699;262
16.03.2006;430-67-31-549;20
25.03.2006;254-14-00-156;224
01.04.2006;495-93-92-849;199
06.04.2006;534-94-49-182;70
08.04.2006;995-59-41-476;171
08.04.2006;162-82-16-285;1
10.04.2006;824-54-79-834;13
11.04.2006;847-48-41-699;293
11.04.2006;277-10-19-546;11
13.04.2006;941-01-60-075;162
14.04.2006;507-22-76-992;187
15.04.2006;269-65-16-447;192
17.04.2006;337-27-67-378;127
19.04.2006;847-48-41-699;198
19.04.2006;963-43-52-686;4
19.04.2006;413-93-89-926;110
19.04.2006;269-65-16-447;123
20.04.2006;527-15-00-673;159
21.04.2006;194-54-73-711;19
27.04.2006;178-24-36-171;289
27.04.2006;033-49-11-774;136
08.05.2006;410-52-79-946;41
09.05.2006;392-78-93-552;385
10.05.2006;781-80-31-583;17
10.05.2006;347-48-90-739;20
14.05.2006;050-38-86-889;19
15.05.2006;715-03-63-213;13
16.05.2006;325-70-30-985;13
18.05.2006;936-67-95-170;168
18.05.2006;164-61-25-530;18
18.05.2006;799-94-72-837;131
19.05.2006;178-24-36-171;187
20.05.2006;337-27-67-378;412
22.05.2006;043-34-53-278;40
23.05.2006;916-94-78-836;166
24.05.2006;527-15-00-673;173
25.05.2006;561-00-46-873;2
25.05.2006;531-41-11-525;18
26.05.2006;423-71-31-448;15
27.05.2006;995-59-41-476;243
28.05.2006;413-93-89-926;460
28.05.2006;192-09-72-275;8
29.05.2006;885-74-10-856;150
30.05.2006;495-93-92-849;72
30.05.2006;847-48-41-699;217
02.06.2006;761-06-34-233;164
02.06.2006;392-78-93-552;429
07.06.2006;885-74-10-856;63
10.06.2006;534-94-49-182;106
18.06.2006;178-24-36-171;136
19.06.2006;994-52-74-352;7
28.06.2006;904-16-42-385;114
28.06.2006;940-29-78-846;12
04.07.2006;847-48-41-699;443
06.07.2006;495-93-92-849;73
09.07.2006;244-64-83-142;15
09.07.2006;316-37-00-316;9
10.07.2006;211-13-01-286;20
12.07.2006;982-37-73-633;9
13.07.2006;950-40-82-698;88
13.07.2006;254-14-00-156;139
14.07.2006;178-24-36-171;346
20.07.2006;430-90-28-407;3
20.07.2006;035-32-41-072;9
20.07.2006;847-48-41-699;323
21.07.2006;995-59-41-476;382
25.07.2006;413-93-89-926;296
26.07.2006;594-18-15-403;121
26.07.2006;410-52-79-946;157
28.07.2006;847-48-41-699;497
29.07.2006;847-48-41-699;103
30.07.2006;534-94-49-182;142
31.07.2006;033-49-11-774;144
02.08.2006;967-21-71-491;8
07.08.2006;322-66-15-999;172
11.08.2006;254-14-00-156;290
13.08.2006;799-94-72-837;422
16.08.2006;164-61-25-530;12
19.08.2006;322-66-15-999;104
20.08.2006;968-49-97-804;97
21.08.2006;294-48-56-993;179
24.08.2006;941-01-60-075;256
25.08.2006;192-09-72-275;20
25.08.2006;194-54-73-711;10
26.08.2006;254-14-00-156;407
27.08.2006;178-24-36-171;297
27.08.2006;884-31-58-627;133
27.08.2006;968-49-97-804;33
30.08.2006;799-94-72-837;220
30.08.2006;378-70-08-798;114
02.09.2006;885-74-10-856;130
02.09.2006;534-94-49-182;52
02.09.2006;378-70-08-798;33
03.09.2006;692-61-16-906;57
05.09.2006;115-65-39-258;190
05.09.2006;900-85-70-552;8
05.09.2006;254-14-00-156;255
07.09.2006;884-31-58-627;108
11.09.2006;269-65-16-447;78
12.09.2006;254-14-00-156;364
13.09.2006;527-15-00-673;52
14.09.2006;995-59-41-476;343
16.09.2006;495-93-92-849;197
17.09.2006;609-57-46-753;4
18.09.2006;373-76-82-865;8
18.09.2006;800-16-32-869;11
18.09.2006;047-70-78-199;10
21.09.2006;692-61-16-906;96
21.09.2006;322-66-15-999;30
22.09.2006;080-77-49-649;17
25.09.2006;035-32-41-072;17
25.09.2006;904-16-42-385;180
25.09.2006;935-78-99-209;94
26.09.2006;761-06-34-233;45
27.09.2006;254-14-00-156;380
27.09.2006;715-03-63-213;5
01.10.2006;916-94-78-836;170
05.10.2006;392-78-93-552;198
08.10.2006;413-93-89-926;283
11.10.2006;115-65-39-258;42
13.10.2006;043-34-53-278;163
19.10.2006;413-93-89-926;115
24.10.2006;884-31-58-627;75
25.10.2006;392-78-93-552;403
29.10.2006;413-93-89-926;465
31.10.2006;043-34-53-278;194
31.10.2006;513-33-14-553;122
31.10.2006;080-51-85-809;186
05.11.2006;904-16-42-385;137
08.11.2006;314-76-34-892;10
11.11.2006;941-01-60-075;437
13.11.2006;903-82-46-998;20
14.11.2006;799-94-72-837;108
19.11.2006;916-94-78-836;62
19.11.2006;254-14-00-156;426
22.11.2006;392-78-93-552;303
23.11.2006;872-13-44-365;20
26.11.2006;847-48-41-699;237
27.11.2006;033-49-11-774;151
28.11.2006;970-87-50-317;6
01.12.2006;043-34-53-278;124
03.12.2006;562-39-79-929;7
04.12.2006;473-30-19-947;7
06.12.2006;392-78-93-552;105
07.12.2006;513-33-14-553;58
07.12.2006;179-23-02-772;182
09.12.2006;941-01-60-075;163
09.12.2006;958-71-87-898;14
10.12.2006;281-47-91-148;4
11.12.2006;554-09-13-964;13
12.12.2006;254-14-00-156;422
13.12.2006;054-09-46-315;6
18.12.2006;424-70-61-569;15
19.12.2006;534-94-49-182;168
21.12.2006;941-01-60-075;193
27.12.2006;194-54-73-711;15
28.12.2006;033-49-11-774;27
29.12.2006;033-49-11-774;116
30.12.2006;692-61-16-906;21
30.12.2006;033-49-11-774;61
30.12.2006;413-93-89-926;458
31.12.2006;170-89-76-803;19
02.01.2007;322-66-15-999;81
03.01.2007;269-65-16-447;86
04.01.2007;254-14-00-156;142
10.01.2007;413-93-89-926;459
11.01.2007;377-37-44-068;20
13.01.2007;392-78-93-552;245
13.01.2007;967-21-71-491;19
14.01.2007;749-02-70-623;159
15.01.2007;033-49-11-774;99
17.01.2007;178-24-36-171;213
24.01.2007;799-94-72-837;349
27.01.2007;413-93-89-926;114
27.01.2007;961-86-77-989;12
29.01.2007;985-21-38-706;12
04.02.2007;904-16-42-385;132
07.02.2007;033-49-11-774;197
07.02.2007;045-63-27-114;5
07.02.2007;941-01-60-075;403
08.02.2007;749-02-70-623;200
11.02.2007;513-33-14-553;23
18.02.2007;392-78-93-552;337
19.02.2007;594-18-15-403;500
19.02.2007;182-72-86-381;9
21.02.2007;179-23-02-772;39
26.02.2007;773-39-15-273;156
27.02.2007;413-93-89-926;258
27.02.2007;824-54-79-834;14
01.03.2007;904-16-42-385;91
08.03.2007;904-16-42-385;68
09.03.2007;447-16-72-588;13
11.03.2007;378-70-08-798;118
13.03.2007;410-52-79-946;54
17.03.2007;434-21-90-566;10
21.03.2007;941-01-60-075;339
22.03.2007;534-94-49-182;80
24.03.2007;178-24-36-171;431
26.03.2007;941-01-60-075;268
26.03.2007;178-24-36-171;440
26.03.2007;594-18-15-403;396
26.03.2007;269-65-16-447;157
30.03.2007;904-16-42-385;194
31.03.2007;761-06-34-233;156
01.04.2007;423-71-31-448;11
02.04.2007;968-49-97-804;110
04.04.2007;865-19-31-951;12
05.04.2007;594-18-15-403;464
06.04.2007;527-15-00-673;40
07.04.2007;761-06-34-233;52
12.04.2007;970-73-69-415;12
14.04.2007;254-14-00-156;412
16.04.2007;413-93-89-926;268
16.04.2007;254-14-00-156;495
16.04.2007;968-49-97-804;30
19.04.2007;043-34-53-278;67
25.04.2007;799-94-72-837;497
28.04.2007;178-24-36-171;102
01.05.2007;254-14-00-156;322
02.05.2007;847-48-41-699;297
04.05.2007;904-16-42-385;179
06.05.2007;822-52-42-474;15
08.05.2007;692-61-16-906;65
10.05.2007;254-14-00-156;297
12.05.2007;885-74-10-856;131
13.05.2007;385-84-45-941;12
13.05.2007;269-65-16-447;114
16.05.2007;799-94-72-837;293
18.05.2007;773-41-40-060;18
18.05.2007;080-51-85-809;186
21.05.2007;378-70-08-798;119
25.05.2007;473-30-19-947;4
28.05.2007;799-94-72-837;415
28.05.2007;775-48-66-885;10
28.05.2007;269-65-16-447;159
29.05.2007;413-93-89-926;140
06.06.2007;080-51-85-809;128
14.06.2007;429-16-50-754;9
14.06.2007;413-93-89-926;121
15.06.2007;799-94-72-837;169
17.06.2007;322-66-15-999;118
17.06.2007;773-39-15-273;37
20.06.2007;968-49-97-804;198
21.06.2007;378-70-08-798;74
26.06.2007;275-38-81-341;18
30.06.2007;337-27-67-378;291
07.07.2007;847-48-41-699;208
07.07.2007;594-18-15-403;354
14.07.2007;410-52-79-946;113
15.07.2007;295-31-73-319;3
15.07.2007;392-78-93-552;446
15.07.2007;430-90-28-407;9
19.07.2007;941-01-60-075;445
20.07.2007;513-33-14-553;47
21.07.2007;240-56-56-791;14
26.07.2007;916-94-78-836;187
27.07.2007;392-78-93-552;355
28.07.2007;940-29-78-846;6
29.07.2007;284-59-84-568;18
31.07.2007;884-31-58-627;111
31.07.2007;885-74-10-856;156
01.08.2007;392-78-93-552;396
05.08.2007;767-55-58-288;7
07.08.2007;322-66-15-999;98
09.08.2007;392-78-93-552;405
11.08.2007;254-14-00-156;220
12.08.2007;534-94-49-182;141
13.08.2007;182-72-86-381;17
13.08.2007;847-48-41-699;260
14.08.2007;982-37-73-633;11
18.08.2007;495-93-92-849;182
20.08.2007;916-94-78-836;59
21.08.2007;527-15-00-673;45
21.08.2007;740-87-37-389;3
23.08.2007;692-61-16-906;52
23.08.2007;178-24-36-171;373
24.08.2007;962-06-61-806;2
24.08.2007;337-27-67-378;445
25.08.2007;495-93-92-849;93
30.08.2007;178-24-36-171;329
01.09.2007;178-24-36-171;217
01.09.2007;269-65-16-447;165
02.09.2007;176-54-34-364;20
03.09.2007;019-98-81-222;11
04.09.2007;799-94-72-837;294
06.09.2007;904-16-42-385;82
06.09.2007;033-49-11-774;186
08.09.2007;749-02-70-623;163
08.09.2007;534-94-49-182;148
09.09.2007;377-37-44-068;2
11.09.2007;178-24-36-171;343
11.09.2007;884-31-58-627;51
14.09.2007;749-02-70-623;164
14.09.2007;645-32-78-780;5
15.09.2007;254-14-00-156;260
15.09.2007;847-48-41-699;415
16.09.2007;847-48-41-699;467
16.09.2007;692-61-16-906;43
17.09.2007;885-74-10-856;40
19.09.2007;964-69-89-011;10
20.09.2007;847-48-41-699;197
23.09.2007;773-39-15-273;145
24.09.2007;322-66-15-999;105
25.09.2007;916-94-78-836;33
25.09.2007;950-40-82-698;78
26.09.2007;847-48-41-699;466
29.09.2007;392-78-93-552;476
02.10.2007;080-51-85-809;151
02.10.2007;163-92-64-010;17
06.10.2007;585-26-73-628;4
16.10.2007;594-18-15-403;131
16.10.2007;337-27-67-378;369
16.10.2007;179-23-02-772;60
20.10.2007;413-93-89-926;405
21.10.2007;396-32-41-555;3
25.10.2007;773-39-15-273;35
27.10.2007;941-01-60-075;444
27.10.2007;392-78-93-552;424
27.10.2007;736-91-47-235;2
30.10.2007;413-93-89-926;480
31.10.2007;916-94-78-836;65
02.11.2007;403-50-07-403;8
03.11.2007;495-93-92-849;52
06.11.2007;377-37-44-068;8
07.11.2007;254-14-00-156;143
08.11.2007;269-65-16-447;20
11.11.2007;799-94-72-837;396
12.11.2007;513-33-14-553;168
13.11.2007;513-33-14-553;69
21.11.2007;534-94-49-182;99
21.11.2007;115-65-39-258;57
22.11.2007;043-34-53-278;103
23.11.2007;609-57-46-753;2
26.11.2007;495-93-92-849;88
28.11.2007;916-94-78-836;85
28.11.2007;254-14-00-156;216
30.11.2007;254-14-00-156;140
05.12.2007;941-01-60-075;377
07.12.2007;968-49-97-804;89
09.12.2007;904-16-42-385;181
11.12.2007;513-33-14-553;131
11.12.2007;936-67-95-170;43
12.12.2007;534-94-49-182;166
12.12.2007;773-39-15-273;192
14.12.2007;351-06-97-406;7
16.12.2007;662-14-22-719;11
16.12.2007;080-51-85-809;146
17.12.2007;392-78-93-552;138
18.12.2007;033-49-11-774;138
18.12.2007;941-01-60-075;482
20.12.2007;941-01-60-075;481
22.12.2007;392-78-93-552;258
24.12.2007;080-51-85-809;100
24.12.2007;513-33-14-553;86
27.12.2007;378-70-08-798;165
28.12.2007;967-21-71-491;4
29.12.2007;033-49-11-774;156
30.12.2007;392-78-93-552;320
01.01.2008;045-63-27-114;1
01.01.2008;885-74-10-856;81
01.01.2008;941-01-60-075;438
02.01.2008;242-04-13-206;1
06.01.2008;773-39-15-273;173
09.01.2008;337-27-67-378;412
09.01.2008;288-84-37-922;13
10.01.2008;322-66-15-999;130
12.01.2008;193-47-03-638;4
15.01.2008;322-66-15-999;176
17.01.2008;403-50-07-403;14
18.01.2008;322-66-15-999;97
21.01.2008;692-61-16-906;81
22.01.2008;033-49-11-774;179
23.01.2008;916-94-78-836;132
23.01.2008;214-54-56-360;5
23.01.2008;269-65-16-447;100
27.01.2008;302-11-03-254;6
03.02.2008;337-27-67-378;171
05.02.2008;799-94-72-837;333
06.02.2008;337-27-67-378;365
06.02.2008;423-71-31-448;16
07.02.2008;594-18-15-403;211
11.02.2008;392-78-93-552;196
12.02.2008;208-84-31-216;11
13.02.2008;423-71-31-448;17
16.02.2008;527-15-00-673;62
16.02.2008;847-48-41-699;103
16.02.2008;996-09-76-697;9
17.02.2008;299-98-16-259;5
17.02.2008;392-78-93-552;452
18.02.2008;371-70-96-597;2
19.02.2008;941-01-60-075;335
20.02.2008;777-06-33-444;12
21.02.2008;314-76-34-892;12
22.02.2008;270-90-07-560;5
22.02.2008;811-91-92-867;2
23.02.2008;131-80-62-556;10
25.02.2008;392-78-93-552;308
27.02.2008;982-37-73-633;5
27.02.2008;799-94-72-837;446
28.02.2008;254-14-00-156;281
03.03.2008;128-69-77-900;6
04.03.2008;254-14-00-156;409
04.03.2008;527-15-00-673;191
05.03.2008;941-01-60-075;404
05.03.2008;378-70-08-798;135
05.03.2008;961-86-77-989;20
07.03.2008;507-22-76-992;54
07.03.2008;495-93-92-849;129
10.03.2008;138-66-38-929;11
11.03.2008;178-24-36-171;383
12.03.2008;749-02-70-623;46
13.03.2008;179-23-02-772;61
15.03.2008;378-70-08-798;166
16.03.2008;513-33-14-553;91
17.03.2008;240-21-54-730;10
19.03.2008;299-72-00-838;19
19.03.2008;105-89-55-029;2
20.03.2008;968-49-97-804;125
20.03.2008;178-24-36-171;248
20.03.2008;995-59-41-476;298
21.03.2008;178-24-36-171;406
22.03.2008;080-51-85-809;46
23.03.2008;513-33-14-553;106
25.03.2008;847-48-41-699;121
29.03.2008;392-78-93-552;170
29.03.2008;799-94-72-837;431
30.03.2008;941-01-60-075;483
01.04.2008;254-14-00-156;354
03.04.2008;513-33-14-553;65
06.04.2008;337-27-67-378;176
07.04.2008;843-22-41-173;2
08.04.2008;527-15-00-673;46
11.04.2008;995-59-41-476;477
12.04.2008;126-55-91-375;6
14.04.2008;528-09-83-923;11
14.04.2008;527-15-00-673;126
14.04.2008;269-65-16-447;190
15.04.2008;941-01-60-075;358
15.04.2008;761-06-34-233;78
15.04.2008;884-31-58-627;129
16.04.2008;799-94-72-837;433
17.04.2008;182-72-86-381;18
18.04.2008;936-67-95-170;30
19.04.2008;159-34-45-151;18
20.04.2008;527-15-00-673;146
20.04.2008;138-66-38-929;19
21.04.2008;033-49-11-774;170
23.04.2008;594-18-15-403;428
25.04.2008;941-01-60-075;129
26.04.2008;413-93-89-926;304
30.04.2008;288-84-37-922;15
01.05.2008;766-05-70-009;14
03.05.2008;799-94-72-837;320
04.05.2008;322-66-15-999;44
05.05.2008;749-02-70-623;71
05.05.2008;047-70-78-199;8
09.05.2008;847-48-41-699;444
09.05.2008;014-02-05-290;1
11.05.2008;527-15-00-673;102
11.05.2008;294-48-56-993;181
11.05.2008;495-93-92-849;82
14.05.2008;319-54-24-686;19
14.05.2008;413-93-89-926;245
16.05.2008;995-59-41-476;431
16.05.2008;254-14-00-156;252
17.05.2008;851-69-49-933;2
18.05.2008;043-34-53-278;52
19.05.2008;033-49-11-774;54
19.05.2008;531-65-00-714;4
19.05.2008;692-61-16-906;88
22.05.2008;269-65-16-447;152
23.05.2008;322-66-15-999;121
24.05.2008;269-65-16-447;77
27.05.2008;179-23-02-772;21
28.05.2008;692-61-16-906;48
29.05.2008;392-78-93-552;420
30.05.2008;254-14-00-156;443
03.06.2008;322-66-15-999;46
04.06.2008;554-09-13-964;3
06.06.2008;322-66-15-999;98
06.06.2008;780-78-31-328;18
06.06.2008;941-01-60-075;237
06.06.2008;935-78-99-209;64
10.06.2008;916-94-78-836;32
15.06.2008;749-02-70-623;30
15.06.2008;447-16-72-588;12
16.06.2008;884-31-58-627;138
20.06.2008;178-24-36-171;411
23.06.2008;033-49-11-774;152
24.06.2008;930-33-80-614;10
25.06.2008;269-65-16-447;75
25.06.2008;549-21-69-479;4
27.06.2008;170-26-38-135;2
28.06.2008;692-61-16-906;110
29.06.2008;968-49-97-804;161
30.06.2008;534-94-49-182;68
02.07.2008;322-66-15-999;30
03.07.2008;368-99-22-310;3
08.07.2008;941-01-60-075;117
10.07.2008;885-74-10-856;105
10.07.2008;089-90-67-935;6
11.07.2008;413-93-89-926;378
14.07.2008;513-33-14-553;76
15.07.2008;178-24-36-171;386
16.07.2008;941-01-60-075;132
16.07.2008;178-24-36-171;104
17.07.2008;392-78-93-552;380
18.07.2008;773-39-15-273;76
18.07.2008;410-52-79-946;194
24.07.2008;692-61-16-906;147
27.07.2008;178-24-36-171;319
28.07.2008;761-06-34-233;38
02.08.2008;378-70-08-798;31
04.08.2008;043-34-53-278;28
04.08.2008;194-54-73-711;15
07.08.2008;851-69-49-933;2
07.08.2008;430-67-31-549;16
09.08.2008;773-39-15-273;83
10.08.2008;093-96-93-428;16
11.08.2008;847-48-41-699;397
11.08.2008;773-39-15-273;184
13.08.2008;773-39-15-273;55
14.08.2008;513-33-14-553;107
16.08.2008;513-33-14-553;127
19.08.2008;268-62-97-556;122
19.08.2008;269-65-16-447;107
21.08.2008;178-24-36-171;113
21.08.2008;254-14-00-156;297
22.08.2008;599-00-55-316;14
24.08.2008;495-93-92-849;188
26.08.2008;288-84-37-922;11
29.08.2008;378-70-08-798;105
30.08.2008;811-91-92-867;18
30.08.2008;254-14-00-156;418
31.08.2008;639-61-50-913;4
31.08.2008;609-57-46-753;5
01.09.2008;995-59-41-476;346
03.09.2008;847-48-41-699;417
05.09.2008;115-65-39-258;35
05.09.2008;944-16-93-033;6
06.09.2008;941-01-60-075;322
06.09.2008;916-94-78-836;150
07.09.2008;799-94-72-837;492
11.09.2008;269-65-16-447;93
14.09.2008;692-61-16-906;64
14.09.2008;403-50-07-403;7
14.09.2008;269-65-16-447;90
21.09.2008;941-01-60-075;136
22.09.2008;080-51-85-809;104
22.09.2008;736-91-47-235;1
23.09.2008;935-78-99-209;52
23.09.2008;392-78-93-552;203
25.09.2008;534-94-49-182;183
26.09.2008;692-61-16-906;182
28.09.2008;392-78-93-552;383
01.10.2008;178-24-36-171;113
01.10.2008;620-15-33-614;154
01.10.2008;205-96-13-336;8
04.10.2008;244-64-83-142;5
04.10.2008;159-34-45-151;14
06.10.2008;884-31-58-627;27
06.10.2008;885-74-10-856;141
08.10.2008;180-17-78-339;14
08.10.2008;935-78-99-209;136
08.10.2008;594-18-15-403;378
08.10.2008;270-90-07-560;12
11.10.2008;392-78-93-552;284
12.10.2008;080-51-85-809;54
12.10.2008;935-78-99-209;51
12.10.2008;322-66-15-999;159
17.10.2008;847-48-41-699;351
17.10.2008;178-24-36-171;390
17.10.2008;019-98-81-222;4
18.10.2008;968-49-97-804;140
19.10.2008;941-01-60-075;125
19.10.2008;527-15-00-673;97
22.10.2008;527-15-00-673;190
24.10.2008;799-94-72-837;415
26.10.2008;847-48-41-699;269
26.10.2008;822-52-42-474;11
26.10.2008;392-78-93-552;162
05.11.2008;269-65-16-447;75
07.11.2008;178-24-36-171;358
08.11.2008;885-74-10-856;198
11.11.2008;178-24-36-171;189
12.11.2008;337-27-67-378;226
13.11.2008;322-66-15-999;94
18.11.2008;941-01-60-075;401
19.11.2008;513-33-14-553;52
20.11.2008;904-16-42-385;189
22.11.2008;413-93-89-926;201
23.11.2008;178-24-36-171;235
24.11.2008;322-66-15-999;78
24.11.2008;080-77-49-649;13
24.11.2008;910-38-33-489;196
28.11.2008;982-09-19-706;11
28.11.2008;547-03-32-866;17
29.11.2008;596-37-06-465;4
03.12.2008;753-35-55-536;17
03.12.2008;857-68-68-600;1
08.12.2008;775-48-66-885;6
08.12.2008;254-14-00-156;496
12.12.2008;594-18-15-403;363
15.12.2008;594-18-15-403;491
15.12.2008;413-93-89-926;369
17.12.2008;527-15-00-673;60
18.12.2008;910-38-33-489;35
21.12.2008;254-14-00-156;121
21.12.2008;941-01-60-075;442
22.12.2008;254-14-00-156;338
23.12.2008;935-78-99-209;94
26.12.2008;369-43-03-176;14
27.12.2008;824-54-79-834;2
29.12.2008;799-94-72-837;110
30.12.2008;277-10-19-546;18
30.12.2008;964-69-89-011;7
01.01.2009;534-38-74-959;2
02.01.2009;916-94-78-836;188
06.01.2009;550-69-18-758;11
06.01.2009;799-94-72-837;129
06.01.2009;692-61-16-906;117
08.01.2009;054-09-46-315;11
10.01.2009;692-61-16-906;186
11.01.2009;269-65-16-447;40
16.01.2009;596-37-06-465;6
18.01.2009;322-66-15-999;153
19.01.2009;392-78-93-552;163
21.01.2009;337-81-35-067;16
22.01.2009;410-52-79-946;161
23.01.2009;801-63-85-001;5
26.01.2009;534-94-49-182;200
30.01.2009;272-67-67-068;11
03.02.2009;172-30-09-104;14
05.02.2009;254-14-00-156;469
09.02.2009;766-05-70-009;11
09.02.2009;799-94-72-837;423
09.02.2009;093-96-93-428;9
09.02.2009;284-59-84-568;3
10.02.2009;178-24-36-171;186
10.02.2009;254-14-00-156;390
11.02.2009;594-18-15-403;445
12.02.2009;941-01-60-075;241
12.02.2009;665-06-94-730;3
14.02.2009;033-49-11-774;50
15.02.2009;337-27-67-378;284
16.02.2009;847-48-41-699;395
18.02.2009;594-18-15-403;290
19.02.2009;178-24-36-171;361
21.02.2009;413-93-89-926;355
22.02.2009;534-50-90-387;19
24.02.2009;495-93-92-849;32
27.02.2009;240-56-56-791;13
27.02.2009;392-78-93-552;156
01.03.2009;204-35-99-685;20
02.03.2009;904-16-42-385;112
05.03.2009;254-14-00-156;110
06.03.2009;789-52-61-433;4
13.03.2009;281-47-91-148;18
17.03.2009;910-38-33-489;60
17.03.2009;140-36-11-559;14
17.03.2009;378-70-08-798;24
19.03.2009;178-24-36-171;145
19.03.2009;941-01-60-075;393
21.03.2009;378-70-08-798;73
21.03.2009;885-74-10-856;136
22.03.2009;392-78-93-552;422
23.03.2009;847-48-41-699;187
25.03.2009;269-65-16-447;58
26.03.2009;392-78-93-552;436
30.03.2009;799-94-72-837;406
01.04.2009;799-94-72-837;108
02.04.2009;773-41-40-060;10
03.04.2009;916-94-78-836;153
05.04.2009;653-45-64-141;3
06.04.2009;935-78-99-209;109
08.04.2009;804-82-65-826;9
08.04.2009;495-93-92-849;112
13.04.2009;080-51-85-809;29
13.04.2009;941-01-60-075;310
15.04.2009;322-66-15-999;107
18.04.2009;885-74-10-856;26
20.04.2009;935-78-99-209;114
21.04.2009;930-33-80-614;4
22.04.2009;058-15-94-554;15
26.04.2009;527-15-00-673;144
30.04.2009;594-18-15-403;110
30.04.2009;916-94-78-836;105
02.05.2009;495-93-92-849;51
04.05.2009;295-31-73-319;1
04.05.2009;193-47-03-638;8
06.05.2009;847-48-41-699;128
09.05.2009;277-10-19-546;9
15.05.2009;847-48-41-699;291
16.05.2009;799-94-72-837;261
18.05.2009;495-93-92-849;192
18.05.2009;254-14-00-156;319
20.05.2009;392-78-93-552;393
24.05.2009;307-98-17-187;13
25.05.2009;941-01-60-075;380
26.05.2009;916-94-78-836;36
29.05.2009;268-62-97-556;179
31.05.2009;378-70-08-798;111
01.06.2009;885-74-10-856;36
01.06.2009;749-02-70-623;120
05.06.2009;711-39-55-294;11
07.06.2009;080-77-49-649;15
07.06.2009;715-03-63-213;4
10.06.2009;940-29-78-846;11
13.06.2009;128-91-02-348;9
14.06.2009;941-01-60-075;498
16.06.2009;392-78-93-552;350
16.06.2009;885-74-10-856;191
16.06.2009;847-48-41-699;402
20.06.2009;513-33-14-553;140
21.06.2009;395-19-63-367;3
23.06.2009;495-93-92-849;25
28.06.2009;737-62-05-770;7
30.06.2009;277-20-90-210;17
30.06.2009;847-48-41-699;479
30.06.2009;405-18-48-099;6
30.06.2009;351-06-97-406;10
01.07.2009;665-06-94-730;2
03.07.2009;270-87-86-398;13
06.07.2009;204-35-99-685;12
06.07.2009;594-18-15-403;191
06.07.2009;749-02-70-623;123
07.07.2009;269-65-16-447;66
08.07.2009;692-61-16-906;132
12.07.2009;547-99-88-807;9
12.07.2009;773-39-15-273;111
13.07.2009;080-51-85-809;163
13.07.2009;208-84-31-216;4
15.07.2009;295-31-73-319;10
16.07.2009;847-48-41-699;457
18.07.2009;941-01-60-075;260
19.07.2009;950-40-82-698;181
20.07.2009;941-01-60-075;144
21.07.2009;178-24-36-171;246
23.07.2009;531-81-72-734;10
25.07.2009;294-48-56-993;148
27.07.2009;968-49-97-804;24
30.07.2009;410-52-79-946;66
02.08.2009;392-78-93-552;333
02.08.2009;916-94-78-836;194
06.08.2009;269-65-16-447;154
06.08.2009;322-66-15-999;100
06.08.2009;369-43-03-176;18
06.08.2009;549-21-69-479;20
08.08.2009;322-66-15-999;200
09.08.2009;269-65-16-447;48
09.08.2009;692-61-16-906;68
10.08.2009;639-61-50-913;9
14.08.2009;941-01-60-075;493
14.08.2009;799-94-72-837;340
16.08.2009;639-61-50-913;2
19.08.2009;378-70-08-798;62
19.08.2009;178-24-36-171;164
20.08.2009;378-70-08-798;170
22.08.2009;884-31-58-627;164
24.08.2009;043-34-53-278;70
31.08.2009;941-01-60-075;133
01.09.2009;817-44-45-607;20
03.09.2009;735-37-27-393;15
04.09.2009;788-39-15-311;15
05.09.2009;507-22-76-992;105
09.09.2009;935-78-99-209;192
09.09.2009;936-67-95-170;142
10.09.2009;781-80-31-583;3
10.09.2009;413-93-89-926;219
14.09.2009;534-94-49-182;137
15.09.2009;910-38-33-489;108
16.09.2009;995-59-41-476;395
17.09.2009;047-26-54-835;3
19.09.2009;043-34-53-278;73
19.09.2009;392-78-93-552;209
21.09.2009;916-94-78-836;41
27.09.2009;413-93-89-926;488
28.09.2009;325-70-30-985;5
28.09.2009;513-33-14-553;97
29.09.2009;885-74-10-856;58
29.09.2009;322-66-15-999;179
01.10.2009;242-04-13-206;18
02.10.2009;843-22-41-173;4
02.10.2009;019-98-81-222;1
03.10.2009;935-78-99-209;86
04.10.2009;799-94-72-837;290
06.10.2009;789-52-61-433;14
08.10.2009;761-06-34-233;120
08.10.2009;115-65-39-258;28
09.10.2009;847-48-41-699;213
15.10.2009;050-38-86-889;10
16.10.2009;513-33-14-553;53
17.10.2009;534-94-49-182;178
17.10.2009;340-11-17-090;6
21.10.2009;847-48-41-699;118
21.10.2009;982-09-19-706;5
22.10.2009;269-65-16-447;89
27.10.2009;968-49-97-804;22
28.10.2009;269-65-16-447;199
03.11.2009;164-61-25-530;8
03.11.2009;269-65-16-447;198
04.11.2009;029-43-78-009;6
04.11.2009;033-49-11-774;68
04.11.2009;995-59-41-476;200
05.11.2009;594-18-15-403;426
05.11.2009;773-39-15-273;142
05.11.2009;254-14-00-156;298
07.11.2009;413-93-89-926;224
09.11.2009;594-18-15-403;133
11.11.2009;392-78-93-552;326
11.11.2009;950-40-82-698;102
12.11.2009;254-14-00-156;332
13.11.2009;080-51-85-809;95
17.11.2009;170-89-76-803;7
17.11.2009;799-94-72-837;276
17.11.2009;865-19-31-951;6
19.11.2009;392-78-93-552;232
19.11.2009;527-15-00-673;162
22.11.2009;749-02-70-623;66
22.11.2009;371-70-96-597;2
22.11.2009;904-16-42-385;152
22.11.2009;687-31-19-697;2
25.11.2009;910-38-33-489;115
25.11.2009;916-94-78-836;29
25.11.2009;968-49-97-804;91
27.11.2009;080-51-85-809;125
29.11.2009;692-61-16-906;40
29.11.2009;847-48-41-699;279
30.11.2009;128-69-77-900;8
04.12.2009;884-31-58-627;194
05.12.2009;043-34-53-278;168
06.12.2009;799-94-72-837;211
06.12.2009;208-84-31-216;19
08.12.2009;214-54-56-360;16
11.12.2009;961-86-77-989;18
11.12.2009;254-14-00-156;399
13.12.2009;236-48-82-153;11
17.12.2009;033-49-11-774;131
18.12.2009;761-06-34-233;67
19.12.2009;749-02-70-623;151
24.12.2009;033-49-11-774;105
25.12.2009;884-31-58-627;132
25.12.2009;413-93-89-926;142
25.12.2009;561-51-98-882;17
26.12.2009;254-14-00-156;444
26.12.2009;941-01-60-075;294
27.12.2009;254-14-00-156;274
29.12.2009;968-49-97-804;168
30.12.2009;885-74-10-856;115
30.12.2009;534-94-49-182;126
02.01.2010;378-70-08-798;73
02.01.2010;178-24-36-171;413
03.01.2010;254-14-00-156;393
06.01.2010;429-16-50-754;13
07.01.2010;178-24-36-171;211
11.01.2010;692-61-16-906;116
11.01.2010;872-13-44-365;9
15.01.2010;392-78-93-552;117
16.01.2010;941-01-60-075;221
20.01.2010;193-47-03-638;9
21.01.2010;413-93-89-926;214
22.01.2010;916-94-78-836;138
23.01.2010;530-86-39-445;11
23.01.2010;495-93-92-849;128
24.01.2010;413-93-89-926;376
25.01.2010;413-93-89-926;121
25.01.2010;799-94-72-837;200
26.01.2010;413-93-89-926;500
28.01.2010;884-31-58-627;108
29.01.2010;410-52-79-946;59
30.01.2010;749-02-70-623;191
31.01.2010;080-51-85-809;189
02.02.2010;392-78-93-552;247
02.02.2010;968-49-97-804;195
03.02.2010;951-02-59-808;6
04.02.2010;874-03-53-609;1
05.02.2010;941-01-60-075;347
08.02.2010;799-94-72-837;317
09.02.2010;392-78-93-552;271
09.02.2010;954-85-72-732;4
11.02.2010;378-70-08-798;121
12.02.2010;043-34-53-278;81
12.02.2010;900-85-70-552;1
14.02.2010;534-94-49-182;142
15.02.2010;178-24-36-171;265
16.02.2010;043-34-53-278;194
16.02.2010;131-80-62-556;15
18.02.2010;749-02-70-623;23
18.02.2010;178-24-36-171;279
20.02.2010;523-09-63-706;1
25.02.2010;178-24-36-171;487
25.02.2010;254-14-00-156;395
27.02.2010;884-31-58-627;91
27.02.2010;410-52-79-946;39
27.02.2010;178-24-36-171;312
28.02.2010;346-83-33-264;20
03.03.2010;378-70-08-798;35
05.03.2010;561-51-98-882;20
08.03.2010;534-94-49-182;125
08.03.2010;392-78-93-552;396
09.03.2010;325-16-71-125;7
10.03.2010;773-39-15-273;59
13.03.2010;799-94-72-837;417
13.03.2010;392-78-93-552;115
16.03.2010;753-35-55-536;6
17.03.2010;080-51-85-809;69
19.03.2010;904-16-42-385;58
19.03.2010;410-52-79-946;159
21.03.2010;179-22-38-195;6
22.03.2010;904-16-42-385;103
26.03.2010;254-14-00-156;155
26.03.2010;530-86-39-445;10
28.03.2010;378-70-08-798;158
30.03.2010;322-66-15-999;146
31.03.2010;178-24-36-171;230
02.04.2010;761-06-34-233;143
02.04.2010;692-61-16-906;167
02.04.2010;495-93-92-849;119
04.04.2010;799-94-72-837;400
06.04.2010;916-94-78-836;172
07.04.2010;374-01-18-051;19
09.04.2010;254-14-00-156;116
11.04.2010;178-24-36-171;143
12.04.2010;847-48-41-699;222
14.04.2010;847-48-41-699;352
14.04.2010;495-93-92-849;69
15.04.2010;392-78-93-552;182
17.04.2010;847-48-41-699;182
17.04.2010;495-93-92-849;165
18.04.2010;377-37-44-068;18
18.04.2010;211-35-92-831;2
19.04.2010;789-52-61-433;15
20.04.2010;614-36-31-012;19
21.04.2010;916-94-78-836;66
21.04.2010;549-21-69-479;12
22.04.2010;211-13-01-286;19
22.04.2010;033-49-11-774;96
25.04.2010;847-48-41-699;240
27.04.2010;378-70-08-798;57
01.05.2010;799-94-72-837;475
02.05.2010;254-14-00-156;162
04.05.2010;254-14-00-156;150
05.05.2010;941-01-60-075;139
07.05.2010;080-51-85-809;183
17.05.2010;254-14-00-156;214
20.05.2010;180-17-78-339;14
21.05.2010;547-99-88-807;2
22.05.2010;178-24-36-171;383
23.05.2010;872-13-44-365;14
23.05.2010;495-93-92-849;127
24.05.2010;534-94-49-182;179
25.05.2010;033-49-11-774;74
25.05.2010;941-01-60-075;311
29.05.2010;527-15-00-673;190
31.05.2010;935-78-99-209;67
02.06.2010;254-14-00-156;331
02.06.2010;761-06-34-233;114
03.06.2010;495-93-92-849;79
04.06.2010;884-31-58-627;22
04.06.2010;550-69-18-758;5
07.06.2010;047-70-78-199;17
08.06.2010;392-78-93-552;344
08.06.2010;799-94-72-837;329
08.06.2010;423-71-31-448;10
12.06.2010;534-94-49-182;105
13.06.2010;513-33-14-553;26
14.06.2010;761-06-34-233;121
16.06.2010;885-74-10-856;174
17.06.2010;799-94-72-837;233
18.06.2010;749-02-70-623;117
19.06.2010;047-70-78-199;11
19.06.2010;394-54-09-851;18
19.06.2010;392-78-93-552;332
20.06.2010;299-98-16-259;6
21.06.2010;995-59-41-476;260
21.06.2010;936-67-95-170;22
23.06.2010;562-39-79-929;9
24.06.2010;527-15-00-673;79
26.06.2010;392-78-93-552;480
01.07.2010;847-48-41-699;154
01.07.2010;968-49-97-804;170
02.07.2010;326-69-35-401;13
05.07.2010;269-65-16-447;29
07.07.2010;080-51-85-809;80
11.07.2010;547-03-32-866;20
11.07.2010;847-48-41-699;401
13.07.2010;761-06-34-233;134
15.07.2010;916-94-78-836;107
20.07.2010;749-02-70-623;30
22.07.2010;337-27-67-378;138
23.07.2010;178-24-36-171;404
27.07.2010;916-94-78-836;117
30.07.2010;847-48-41-699;124
31.07.2010;495-93-92-849;155
01.08.2010;378-70-08-798;161
05.08.2010;904-16-42-385;80
05.08.2010;093-96-93-428;9
06.08.2010;904-16-42-385;160
09.08.2010;192-09-72-275;18
11.08.2010;749-02-70-623;150
15.08.2010;203-43-58-855;16
22.08.2010;513-33-14-553;158
24.08.2010;692-61-16-906;29
02.09.2010;781-80-31-583;6
02.09.2010;847-48-41-699;489
04.09.2010;968-49-97-804;200
06.09.2010;749-02-70-623;28
10.09.2010;749-02-70-623;28
11.09.2010;847-48-41-699;297
13.09.2010;413-93-89-926;227
13.09.2010;822-52-42-474;14
16.09.2010;374-01-18-051;20
18.09.2010;620-15-33-614;194
18.09.2010;968-49-97-804;58
19.09.2010;527-15-00-673;30
19.09.2010;413-93-89-926;159
22.09.2010;178-24-36-171;279
23.09.2010;294-48-56-993;38
25.09.2010;205-96-13-336;7
26.09.2010;178-24-36-171;154
26.09.2010;941-01-60-075;274
27.09.2010;799-94-72-837;219
28.09.2010;534-94-49-182;57
28.09.2010;904-16-42-385;152
03.10.2010;392-78-93-552;263
05.10.2010;378-70-08-798;61
05.10.2010;941-01-60-075;217
06.10.2010;692-61-16-906;28
06.10.2010;392-78-93-552;299
09.10.2010;799-94-72-837;429
12.10.2010;799-94-72-837;427
12.10.2010;904-16-42-385;87
12.10.2010;385-84-45-941;17
14.10.2010;968-49-97-804;124
16.10.2010;254-14-00-156;406
16.10.2010;495-93-92-849;136
17.10.2010;410-52-79-946;44
19.10.2010;761-06-34-233;76
22.10.2010;080-51-85-809;104
23.10.2010;904-16-42-385;107
26.10.2010;178-24-36-171;339
29.10.2010;392-78-93-552;313
30.10.2010;392-78-93-552;251
30.10.2010;799-94-72-837;126
01.11.2010;410-52-79-946;20
02.11.2010;513-33-14-553;80
03.11.2010;170-89-76-803;9
05.11.2010;080-51-85-809;50
06.11.2010;033-49-11-774;100
07.11.2010;773-41-40-060;2
08.11.2010;413-93-89-926;214
09.11.2010;982-09-19-706;17
10.11.2010;392-78-93-552;269
14.11.2010;093-96-93-428;2
21.11.2010;904-16-42-385;159
22.11.2010;378-70-08-798;167
23.11.2010;916-94-78-836;123
23.11.2010;378-70-08-798;32
23.11.2010;254-14-00-156;276
26.11.2010;799-94-72-837;191
28.11.2010;941-27-28-381;9
29.11.2010;534-94-49-182;174
30.11.2010;513-33-14-553;39
01.12.2010;254-14-00-156;330
01.12.2010;240-56-56-791;5
04.12.2010;799-94-72-837;175
08.12.2010;179-23-02-772;183
08.12.2010;392-78-93-552;423
08.12.2010;495-93-92-849;88
09.12.2010;413-93-89-926;241
10.12.2010;904-16-42-385;37
16.12.2010;773-39-15-273;164
17.12.2010;824-54-79-834;20
21.12.2010;534-50-90-387;8
21.12.2010;299-98-16-259;4
26.12.2010;178-24-36-171;408
01.01.2011;773-41-40-060;20
02.01.2011;935-78-99-209;102
03.01.2011;847-48-41-699;240
05.01.2011;749-02-70-623;124
07.01.2011;392-78-93-552;330
11.01.2011;294-48-56-993;187
18.01.2011;495-93-92-849;165
19.01.2011;594-18-15-403;371
21.01.2011;761-06-34-233;185
23.01.2011;847-48-41-699;401
25.01.2011;322-66-15-999;25
25.01.2011;015-89-55-248;3
25.01.2011;549-21-69-479;11
30.01.2011;971-44-58-661;18
30.01.2011;392-78-93-552;154
31.01.2011;941-01-60-075;423
02.02.2011;903-82-46-998;6
06.02.2011;378-70-08-798;62
07.02.2011;170-89-76-803;15
09.02.2011;847-48-41-699;311
10.02.2011;080-51-85-809;127
11.02.2011;178-24-36-171;483
14.02.2011;257-35-01-611;9
19.02.2011;910-38-33-489;75
24.02.2011;102-48-01-310;7
28.02.2011;968-49-97-804;114
03.03.2011;115-65-39-258;151
06.03.2011;749-02-70-623;116
07.03.2011;904-16-42-385;76
08.03.2011;043-34-53-278;25
12.03.2011;935-78-99-209;37
14.03.2011;936-67-95-170;108
15.03.2011;254-14-00-156;199
15.03.2011;392-78-93-552;128
16.03.2011;507-22-76-992;32
23.03.2011;534-94-49-182;151
24.03.2011;214-54-56-360;8
25.03.2011;799-94-72-837;411
26.03.2011;495-93-92-849;119
28.03.2011;413-93-89-926;366
31.03.2011;513-33-14-553;20
02.04.2011;115-65-39-258;124
02.04.2011;749-02-70-623;30
03.04.2011;799-94-72-837;237
05.04.2011;178-24-36-171;355
09.04.2011;392-78-93-552;162
14.04.2011;968-49-97-804;46
14.04.2011;351-83-41-145;13
14.04.2011;211-13-01-286;14
14.04.2011;392-77-27-084;4
18.04.2011;847-48-41-699;470
18.04.2011;678-73-95-302;9
18.04.2011;507-22-76-992;37
19.04.2011;378-70-08-798;55
21.04.2011;322-66-15-999;140
23.04.2011;091-99-74-175;12
25.04.2011;904-16-42-385;20
29.04.2011;941-01-60-075;478
01.05.2011;178-24-36-171;289
02.05.2011;126-55-91-375;1
02.05.2011;585-26-73-628;15
05.05.2011;254-14-00-156;400
06.05.2011;050-38-86-889;1
07.05.2011;885-74-10-856;184
07.05.2011;043-34-53-278;99
08.05.2011;749-02-70-623;143
09.05.2011;534-94-49-182;184
13.05.2011;240-21-54-730;3
13.05.2011;269-65-16-447;197
17.05.2011;645-32-78-780;18
22.05.2011;872-13-44-365;7
23.05.2011;847-48-41-699;381
26.05.2011;692-61-16-906;45
28.05.2011;413-93-89-926;499
01.06.2011;413-93-89-926;134
01.06.2011;495-93-92-849;132
02.06.2011;080-51-85-809;180
05.06.2011;678-73-95-302;5
07.06.2011;337-27-67-378;110
08.06.2011;495-93-92-849;54
09.06.2011;179-22-38-195;6
10.06.2011;941-01-60-075;476
10.06.2011;080-51-85-809;104
10.06.2011;935-78-99-209;104
12.06.2011;269-65-16-447;47
12.06.2011;968-49-97-804;127
14.06.2011;410-52-79-946;143
17.06.2011;507-22-76-992;181
20.06.2011;080-51-85-809;139
23.06.2011;495-93-92-849;187
23.06.2011;687-31-19-697;11
24.06.2011;322-66-15-999;170
29.06.2011;244-64-83-142;7
03.07.2011;904-16-42-385;168
03.07.2011;874-03-53-609;4
03.07.2011;847-48-41-699;145
06.07.2011;080-51-85-809;103
08.07.2011;413-93-89-926;101
09.07.2011;968-49-97-804;141
09.07.2011;270-87-86-398;6
09.07.2011;534-38-74-959;16
11.07.2011;413-93-89-926;276
12.07.2011;995-59-41-476;329
13.07.2011;495-93-92-849;200
16.07.2011;749-02-70-623;82
16.07.2011;916-94-78-836;66
21.07.2011;178-24-36-171;150
21.07.2011;513-33-14-553;63
22.07.2011;527-15-00-673;120
23.07.2011;254-14-00-156;155
24.07.2011;080-51-85-809;30
24.07.2011;884-31-58-627;34
29.07.2011;904-16-42-385;30
29.07.2011;043-34-53-278;162
30.07.2011;620-15-33-614;71
31.07.2011;208-84-31-216;16
04.08.2011;968-49-97-804;165
05.08.2011;968-49-97-804;180
06.08.2011;900-85-70-552;2
11.08.2011;916-94-78-836;111
12.08.2011;968-49-97-804;128
13.08.2011;561-00-46-873;7
13.08.2011;847-48-41-699;211
13.08.2011;043-34-53-278;184
16.08.2011;799-94-72-837;450
16.08.2011;950-40-82-698;140
20.08.2011;885-74-10-856;52
22.08.2011;272-67-67-068;2
22.08.2011;172-30-09-104;13
22.08.2011;916-94-78-836;73
26.08.2011;269-65-16-447;123
28.08.2011;284-59-84-568;3
29.08.2011;904-16-42-385;93
03.09.2011;337-27-67-378;310
03.09.2011;043-34-53-278;77
07.09.2011;749-02-70-623;21
11.09.2011;396-32-41-555;3
13.09.2011;378-70-08-798;176
13.09.2011;775-48-66-885;20
14.09.2011;337-27-67-378;230
14.09.2011;208-84-31-216;10
16.09.2011;240-21-54-730;12
16.09.2011;193-47-03-638;11
17.09.2011;847-48-41-699;383
21.09.2011;995-59-41-476;249
24.09.2011;299-72-00-838;8
26.09.2011;534-94-49-182;42
29.09.2011;039-15-21-087;1
29.09.2011;178-24-36-171;340
01.10.2011;413-93-89-926;394
01.10.2011;594-18-15-403;176
02.10.2011;378-70-08-798;181
06.10.2011;322-66-15-999;26
10.10.2011;410-52-79-946;73
14.10.2011;941-01-60-075;274
17.10.2011;394-54-09-851;8
17.10.2011;396-32-41-555;12
21.10.2011;941-01-60-075;496
22.10.2011;789-52-61-433;5
23.10.2011;970-73-69-415;2
23.10.2011;527-15-00-673;77
31.10.2011;410-52-79-946;134
01.11.2011;817-44-45-607;4
03.11.2011;322-66-15-999;46
05.11.2011;115-65-39-258;43
08.11.2011;396-32-41-555;2
10.11.2011;080-51-85-809;100
10.11.2011;178-24-36-171;438
12.11.2011;294-48-56-993;69
17.11.2011;885-74-10-856;22
18.11.2011;322-66-15-999;130
22.11.2011;857-68-68-600;5
25.11.2011;507-22-76-992;62
27.11.2011;392-77-27-084;8
29.11.2011;800-16-32-869;18
04.12.2011;410-52-79-946;146
04.12.2011;211-13-01-286;5
12.12.2011;080-51-85-809;20
12.12.2011;178-24-36-171;153
13.12.2011;392-78-93-552;227
14.12.2011;904-16-42-385;52
15.12.2011;043-34-53-278;108
18.12.2011;337-27-67-378;236
20.12.2011;534-94-49-182;125
21.12.2011;749-02-70-623;183
22.12.2011;885-74-10-856;130
22.12.2011;444-71-75-271;4
23.12.2011;253-12-16-366;3
24.12.2011;865-06-94-559;16
26.12.2011;043-34-53-278;197
26.12.2011;193-47-03-638;4
27.12.2011;495-93-92-849;57
29.12.2011;550-69-18-758;16
30.12.2011;620-15-33-614;89
04.01.2012;527-15-00-673;74
05.01.2012;847-48-41-699;243
07.01.2012;178-24-36-171;460
07.01.2012;965-57-87-003;20
09.01.2012;178-24-36-171;250
15.01.2012;749-02-70-623;78
17.01.2012;885-74-10-856;170
19.01.2012;495-93-92-849;128
19.01.2012;692-61-16-906;53
20.01.2012;799-94-72-837;223
25.01.2012;495-93-92-849;47
25.01.2012;916-94-78-836;112
27.01.2012;941-01-60-075;201
28.01.2012;410-52-79-946;121
31.01.2012;254-14-00-156;462
02.02.2012;178-24-36-171;333
04.02.2012;050-38-86-889;9
06.02.2012;410-52-79-946;104
06.02.2012;268-62-97-556;104
08.02.2012;269-65-16-447;78
11.02.2012;534-94-49-182;53
12.02.2012;392-78-93-552;305
14.02.2012;847-48-41-699;363
16.02.2012;806-09-59-839;19
16.02.2012;995-59-41-476;248
16.02.2012;080-51-85-809;64
17.02.2012;941-01-60-075;288
18.02.2012;275-38-81-341;18
20.02.2012;935-78-99-209;54
20.02.2012;687-31-19-697;3
21.02.2012;153-24-82-022;9
22.02.2012;585-26-73-628;19
22.02.2012;294-48-56-993;198
27.02.2012;594-18-15-403;417
03.03.2012;995-59-41-476;221
03.03.2012;269-65-16-447;53
05.03.2012;513-33-14-553;127
06.03.2012;799-94-72-837;340
09.03.2012;254-14-00-156;310
11.03.2012;091-99-74-175;8
12.03.2012;692-61-16-906;132
12.03.2012;294-48-56-993;168
14.03.2012;294-48-56-993;49
16.03.2012;916-94-78-836;140
18.03.2012;968-49-97-804;140
18.03.2012;033-49-11-774;194
24.03.2012;033-49-11-774;123
24.03.2012;340-11-17-090;11
26.03.2012;736-91-47-235;1
27.03.2012;847-48-41-699;267
30.03.2012;585-26-73-628;14
31.03.2012;910-38-33-489;160
31.03.2012;847-48-41-699;437
04.04.2012;115-65-39-258;71
05.04.2012;527-15-00-673;35
06.04.2012;178-24-36-171;116
07.04.2012;043-34-53-278;152
12.04.2012;254-14-00-156;309
12.04.2012;530-86-39-445;7
12.04.2012;995-59-41-476;353
13.04.2012;307-98-17-187;3
14.04.2012;799-94-72-837;166
15.04.2012;444-71-75-271;14
15.04.2012;043-34-53-278;141
15.04.2012;072-92-42-932;15
21.04.2012;178-24-36-171;157
26.04.2012;847-48-41-699;191
27.04.2012;205-96-13-336;7
28.04.2012;294-48-56-993;200
04.05.2012;585-26-73-628;15
04.05.2012;170-26-38-135;7
04.05.2012;799-94-72-837;235
05.05.2012;941-01-60-075;301
07.05.2012;594-18-15-403;136
07.05.2012;080-77-49-649;5
08.05.2012;254-14-00-156;280
08.05.2012;153-24-82-022;3
11.05.2012;523-09-63-706;14
12.05.2012;749-02-70-623;79
13.05.2012;268-62-97-556;86
13.05.2012;033-49-11-774;70
14.05.2012;910-38-33-489;189
14.05.2012;322-66-15-999;111
17.05.2012;080-51-85-809;158
22.05.2012;527-15-00-673;172
23.05.2012;941-01-60-075;179
24.05.2012;963-43-52-686;19
24.05.2012;378-70-08-798;57
25.05.2012;941-01-60-075;335
31.05.2012;299-72-00-838;12
01.06.2012;373-76-82-865;2
01.06.2012;941-01-60-075;237
04.06.2012;254-14-00-156;482
04.06.2012;373-76-82-865;8
07.06.2012;968-49-97-804;147
09.06.2012;178-24-36-171;224
10.06.2012;857-68-68-600;11
14.06.2012;916-94-78-836;184
16.06.2012;780-78-31-328;20
16.06.2012;941-01-60-075;221
19.06.2012;916-94-78-836;162
23.06.2012;296-66-33-717;19
28.06.2012;534-38-74-959;1
30.06.2012;904-16-42-385;122
30.06.2012;413-93-89-926;163
01.07.2012;527-15-00-673;29
05.07.2012;322-66-15-999;106
06.07.2012;799-94-72-837;112
07.07.2012;378-70-08-798;90
09.07.2012;351-06-97-406;7
09.07.2012;033-49-11-774;27
09.07.2012;692-61-16-906;185
10.07.2012;178-24-36-171;153
12.07.2012;692-61-16-906;109
14.07.2012;614-36-31-012;10
14.07.2012;314-76-34-892;10
16.07.2012;179-23-02-772;90
16.07.2012;507-22-76-992;34
18.07.2012;847-48-41-699;106
19.07.2012;847-48-41-699;229
25.07.2012;413-93-89-926;229
25.07.2012;596-37-06-465;20
25.07.2012;392-78-93-552;261
28.07.2012;964-69-89-011;10
28.07.2012;254-14-00-156;400
01.08.2012;799-94-72-837;401
03.08.2012;322-66-15-999;170
04.08.2012;178-24-36-171;124
06.08.2012;687-31-19-697;13
09.08.2012;080-51-85-809;87
09.08.2012;337-27-67-378;190
09.08.2012;941-01-60-075;349
11.08.2012;272-67-67-068;16
12.08.2012;884-31-58-627;42
13.08.2012;033-49-11-774;70
15.08.2012;495-93-92-849;189
16.08.2012;322-66-15-999;64
20.08.2012;968-49-97-804;76
21.08.2012;590-28-48-646;11
21.08.2012;527-15-00-673;96
22.08.2012;531-41-11-525;17
22.08.2012;269-65-16-447;92
23.08.2012;885-74-10-856;76
25.08.2012;749-02-70-623;77
26.08.2012;995-59-41-476;344
26.08.2012;254-14-00-156;218
27.08.2012;941-01-60-075;115
28.08.2012;936-67-95-170;143
28.08.2012;447-16-72-588;1
02.09.2012;513-33-14-553;133
02.09.2012;413-93-89-926;496
02.09.2012;050-38-86-889;5
04.09.2012;093-96-93-428;8
05.09.2012;495-93-92-849;59
05.09.2012;413-93-89-926;273
06.09.2012;847-48-41-699;165
10.09.2012;528-09-83-923;13
11.09.2012;513-33-14-553;143
15.09.2012;336-81-47-193;20
19.09.2012;753-35-55-536;4
23.09.2012;179-23-02-772;102
25.09.2012;043-34-53-278;155
27.09.2012;254-14-00-156;226
27.09.2012;799-94-72-837;346
28.09.2012;495-93-92-849;45
30.09.2012;288-84-37-922;11
03.10.2012;473-30-19-947;14
08.10.2012;843-22-41-173;12
13.10.2012;302-11-03-254;11
13.10.2012;294-48-56-993;142
19.10.2012;884-31-58-627;184
20.10.2012;392-78-93-552;390
24.10.2012;916-94-78-836;110
25.10.2012;080-51-85-809;92
26.10.2012;284-59-84-568;5
26.10.2012;072-92-42-932;2
28.10.2012;180-17-78-339;14
31.10.2012;900-85-70-552;6
01.11.2012;269-65-16-447;65
01.11.2012;513-33-14-553;45
01.11.2012;254-14-00-156;108
02.11.2012;916-94-78-836;159
06.11.2012;080-51-85-809;141
06.11.2012;242-04-13-206;14
09.11.2012;749-02-70-623;142
10.11.2012;847-48-41-699;167
11.11.2012;180-17-78-339;12
16.11.2012;378-70-08-798;187
19.11.2012;176-54-34-364;14
22.11.2012;105-89-55-029;10
23.11.2012;178-24-36-171;269
23.11.2012;594-18-15-403;328
24.11.2012;847-48-41-699;228
26.11.2012;408-24-90-350;12
01.12.2012;015-89-55-248;16
04.12.2012;413-93-89-926;233
05.12.2012;958-71-87-898;10
08.12.2012;749-02-70-623;168
08.12.2012;594-18-15-403;388
09.12.2012;941-01-60-075;319
11.12.2012;178-41-36-927;12
13.12.2012;268-62-97-556;150
15.12.2012;847-48-41-699;347
16.12.2012;033-49-11-774;177
19.12.2012;392-78-93-552;222
30.12.2012;590-28-48-646;9
30.12.2012;062-58-80-597;14
01.01.2013;944-16-93-033;7
05.01.2013;527-15-00-673;171
09.01.2013;325-16-71-125;16
10.01.2013;269-65-16-447;176
13.01.2013;322-66-15-999;37
16.01.2013;269-65-16-447;186
16.01.2013;692-61-16-906;45
20.01.2013;495-93-92-849;186
20.01.2013;799-94-72-837;211
26.01.2013;847-48-41-699;330
27.01.2013;799-94-72-837;134
27.01.2013;847-48-41-699;459
28.01.2013;294-48-56-993;185
29.01.2013;178-41-36-927;3
31.01.2013;534-94-49-182;181
04.02.2013;413-93-89-926;441
05.02.2013;392-78-93-552;487
05.02.2013;495-93-92-849;56
09.02.2013;904-16-42-385;23
09.02.2013;179-23-02-772;113
10.02.2013;047-26-54-835;19
11.02.2013;773-39-15-273;188
11.02.2013;254-14-00-156;338
12.02.2013;935-78-99-209;80
13.02.2013;170-26-38-135;20
16.02.2013;270-90-07-560;1
17.02.2013;495-93-92-849;200
18.02.2013;594-18-15-403;429
19.02.2013;904-16-42-385;183
20.02.2013;749-02-70-623;26
21.02.2013;801-63-85-001;2
23.02.2013;254-14-00-156;174
24.02.2013;495-93-92-849;98
24.02.2013;653-45-64-141;11
27.02.2013;378-70-08-798;58
03.03.2013;045-63-27-114;17
04.03.2013;413-93-89-926;143
06.03.2013;495-93-92-849;108
13.03.2013;995-59-41-476;424
18.03.2013;678-73-95-302;9
19.03.2013;378-70-08-798;135
23.03.2013;799-94-72-837;202
24.03.2013;392-78-93-552;459
28.03.2013;507-22-76-992;107
29.03.2013;968-49-97-804;37
30.03.2013;692-61-16-906;43
01.04.2013;847-48-41-699;352
04.04.2013;269-65-16-447;94
04.04.2013;527-15-00-673;112
05.04.2013;692-61-16-906;136
06.04.2013;773-39-15-273;56
08.04.2013;799-94-72-837;286
09.04.2013;254-14-00-156;296
09.04.2013;410-52-79-946;81
10.04.2013;799-94-72-837;231
11.04.2013;413-93-89-926;149
11.04.2013;958-71-87-898;3
12.04.2013;799-94-72-837;311
15.04.2013;527-15-00-673;121
16.04.2013;214-54-56-360;15
17.04.2013;170-89-76-803;14
17.04.2013;254-14-00-156;240
19.04.2013;800-16-32-869;12
21.04.2013;788-39-15-311;1
24.04.2013;881-78-83-232;12
27.04.2013;269-65-16-447;190
28.04.2013;620-15-33-614;179
30.04.2013;178-24-36-171;106
02.05.2013;254-14-00-156;267
02.05.2013;115-65-39-258;66
04.05.2013;799-94-72-837;471
05.05.2013;767-55-58-288;5
07.05.2013;678-73-95-302;11
09.05.2013;884-31-58-627;103
09.05.2013;080-51-85-809;92
11.05.2013;749-02-70-623;115
12.05.2013;495-93-92-849;62
12.05.2013;594-18-15-403;420
12.05.2013;534-94-49-182;81
13.05.2013;847-48-41-699;412
15.05.2013;392-78-93-552;377
20.05.2013;392-78-93-552;461
20.05.2013;884-31-58-627;138
24.05.2013;596-37-06-465;17
28.05.2013;817-44-45-607;8
30.05.2013;847-48-41-699;448
01.06.2013;847-48-41-699;240
02.06.2013;178-24-36-171;388
04.06.2013;254-14-00-156;455
04.06.2013;413-93-89-926;269
07.06.2013;043-34-53-278;81
07.06.2013;749-02-70-623;99
12.06.2013;549-21-69-479;12
14.06.2013;817-14-97-331;4
15.06.2013;534-94-49-182;132
16.06.2013;179-23-02-772;83
21.06.2013;874-03-53-609;7
22.06.2013;302-11-03-254;9
23.06.2013;270-90-07-560;20
24.06.2013;749-02-70-623;98
26.06.2013;447-16-72-588;9
28.06.2013;368-99-22-310;13
01.07.2013;941-01-60-075;424
06.07.2013;761-06-34-233;31
07.07.2013;126-55-91-375;18
09.07.2013;043-34-53-278;172
09.07.2013;392-78-93-552;373
10.07.2013;413-93-89-926;299
16.07.2013;916-94-78-836;20
17.07.2013;513-33-14-553;89
17.07.2013;968-49-97-804;60
20.07.2013;944-16-93-033;5
21.07.2013;995-59-41-476;125
21.07.2013;904-16-42-385;177
22.07.2013;910-38-33-489;58
23.07.2013;080-51-85-809;174
24.07.2013;254-14-00-156;485
26.07.2013;881-78-83-232;7
27.07.2013;847-48-41-699;109
30.07.2013;043-34-53-278;116
31.07.2013;761-06-34-233;125
31.07.2013;091-99-74-175;15
02.08.2013;857-68-68-600;4
03.08.2013;275-38-81-341;13
05.08.2013;995-59-41-476;338
06.08.2013;319-54-24-686;2
07.08.2013;916-94-78-836;108
08.08.2013;692-61-16-906;119
09.08.2013;254-14-00-156;385
09.08.2013;392-78-93-552;239
12.08.2013;072-92-42-932;8
13.08.2013;413-93-89-926;219
17.08.2013;410-52-79-946;40
17.08.2013;995-59-41-476;166
18.08.2013;527-15-00-673;168
19.08.2013;179-23-02-772;96
20.08.2013;749-02-70-623;23
23.08.2013;857-68-68-600;8
23.08.2013;781-80-31-583;1
23.08.2013;045-63-27-114;4
26.08.2013;950-40-82-698;170
28.08.2013;392-78-93-552;193
31.08.2013;929-74-62-713;5
03.09.2013;851-69-49-933;5
03.09.2013;368-99-22-310;15
08.09.2013;164-61-25-530;14
08.09.2013;916-94-78-836;96
12.09.2013;138-66-38-929;1
16.09.2013;513-33-14-553;164
17.09.2013;178-24-36-171;105
19.09.2013;211-35-92-831;17
21.09.2013;047-26-54-835;5
26.09.2013;392-78-93-552;212
26.09.2013;847-48-41-699;128
26.09.2013;378-70-08-798;147
27.09.2013;799-94-72-837;436
28.09.2013;128-29-15-591;4
28.09.2013;302-11-03-254;4
04.10.2013;179-23-02-772;78
11.10.2013;749-02-70-623;159
11.10.2013;885-74-10-856;103
12.10.2013;495-93-92-849;57
12.10.2013;910-38-33-489;121
12.10.2013;053-79-35-388;14
13.10.2013;599-00-55-316;2
13.10.2013;662-14-22-719;19
14.10.2013;264-98-29-926;20
15.10.2013;799-94-72-837;367
15.10.2013;847-48-41-699;458
16.10.2013;392-78-93-552;100
16.10.2013;043-34-53-278;62
20.10.2013;043-34-53-278;184
21.10.2013;080-51-85-809;156
22.10.2013;254-14-00-156;142
23.10.2013;043-34-53-278;97
23.10.2013;254-14-00-156;136
23.10.2013;179-23-02-772;108
25.10.2013;410-52-79-946;51
27.10.2013;473-30-19-947;7
29.10.2013;985-21-38-706;19
30.10.2013;970-73-69-415;4
02.11.2013;392-78-93-552;163
02.11.2013;534-94-49-182;165
03.11.2013;211-35-92-831;14
05.11.2013;378-70-08-798;177
06.11.2013;964-69-89-011;1
07.11.2013;179-23-02-772;193
07.11.2013;561-00-46-873;8
10.11.2013;817-14-97-331;11
16.11.2013;178-24-36-171;249
20.11.2013;594-18-15-403;360
24.11.2013;294-48-56-993;186
25.11.2013;495-93-92-849;29
28.11.2013;534-94-49-182;174
29.11.2013;254-14-00-156;131
01.12.2013;254-14-00-156;157
01.12.2013;799-94-72-837;284
02.12.2013;413-93-89-926;292
04.12.2013;530-86-39-445;13
06.12.2013;954-85-72-732;16
06.12.2013;178-24-36-171;364
07.12.2013;599-00-55-316;16
07.12.2013;590-28-48-646;3
08.12.2013;346-83-33-264;9
09.12.2013;523-09-63-706;6
13.12.2013;884-31-58-627;117
14.12.2013;159-34-45-151;6
15.12.2013;847-48-41-699;186
15.12.2013;159-34-45-151;16
16.12.2013;043-34-53-278;100
21.12.2013;369-43-03-176;20
21.12.2013;968-49-97-804;192
22.12.2013;968-49-97-804;92
23.12.2013;211-13-01-286;11
25.12.2013;177-95-05-373;10
26.12.2013;884-31-58-627;180
29.12.2013;242-04-13-206;12
30.12.2013;091-99-74-175;12
31.12.2013;325-70-30-985;8
02.01.2014;904-16-42-385;56
03.01.2014;054-09-46-315;18
03.01.2014;799-94-72-837;164
06.01.2014;534-94-49-182;111
07.01.2014;395-19-63-367;14
08.01.2014;995-59-41-476;143
09.01.2014;749-02-70-623;64
12.01.2014;929-74-62-713;3
13.01.2014;392-78-93-552;152
14.01.2014;749-02-70-623;152
16.01.2014;678-73-95-302;15
17.01.2014;884-31-58-627;117
17.01.2014;941-27-28-381;14
17.01.2014;392-78-93-552;431
19.01.2014;178-24-36-171;390
24.01.2014;091-99-74-175;1
27.01.2014;413-93-89-926;392
29.01.2014;916-94-78-836;175
29.01.2014;322-66-15-999;118
02.02.2014;847-48-41-699;297
06.02.2014;033-49-11-774;89
06.02.2014;178-24-36-171;182
07.02.2014;749-02-70-623;130
10.02.2014;294-48-56-993;187
11.02.2014;941-01-60-075;166
12.02.2014;033-49-11-774;58
16.02.2014;410-52-79-946;187
17.02.2014;033-49-11-774;58
19.02.2014;767-55-58-288;19
19.02.2014;847-48-41-699;388
20.02.2014;194-54-73-711;20
20.02.2014;043-34-53-278;185
20.02.2014;527-15-00-673;191
21.02.2014;277-10-19-546;1
22.02.2014;884-31-58-627;90
26.02.2014;847-48-41-699;234
01.03.2014;392-78-93-552;212
03.03.2014;392-78-93-552;372
03.03.2014;968-49-97-804;102
03.03.2014;749-02-70-623;69
10.03.2014;180-17-78-339;5
15.03.2014;513-33-14-553;146
16.03.2014;910-38-33-489;114
18.03.2014;799-94-72-837;265
18.03.2014;970-87-50-317;1
21.03.2014;299-98-16-259;16
23.03.2014;737-62-05-770;11
23.03.2014;178-24-36-171;118
30.03.2014;392-78-93-552;213
03.04.2014;847-48-41-699;146
05.04.2014;609-57-46-753;6
07.04.2014;392-78-93-552;392
07.04.2014;995-59-41-476;422
11.04.2014;178-24-36-171;474
12.04.2014;322-66-15-999;166
14.04.2014;322-66-15-999;121
15.04.2014;413-93-89-926;406
17.04.2014;294-48-56-993;41
21.04.2014;941-01-60-075;254
21.04.2014;847-48-41-699;246
26.04.2014;080-51-85-809;148
26.04.2014;594-18-15-403;365
27.04.2014;910-38-33-489;20
02.05.2014;447-16-72-588;4
05.05.2014;392-78-93-552;215
07.05.2014;904-16-42-385;138
07.05.2014;254-14-00-156;496
08.05.2014;916-94-78-836;155
11.05.2014;337-27-67-378;386
14.05.2014;884-31-58-627;124
15.05.2014;799-94-72-837;173
17.05.2014;968-49-97-804;161
19.05.2014;513-33-14-553;147
25.05.2014;178-24-36-171;401
25.05.2014;941-01-60-075;101
26.05.2014;178-24-36-171;169
27.05.2014;799-94-72-837;324
28.05.2014;351-83-41-145;16
29.05.2014;884-31-58-627;194
30.05.2014;995-59-41-476;197
30.05.2014;033-49-11-774;23
31.05.2014;904-16-42-385;138
01.06.2014;692-61-16-906;121
03.06.2014;951-02-59-808;10
05.06.2014;473-30-19-947;9
08.06.2014;495-93-92-849;35
12.06.2014;968-49-97-804;154
16.06.2014;192-09-72-275;1
17.06.2014;799-94-72-837;249
17.06.2014;916-94-78-836;27
19.06.2014;904-16-42-385;167
20.06.2014;904-16-42-385;71
20.06.2014;014-02-05-290;13
21.06.2014;534-94-49-182;90
24.06.2014;847-48-41-699;106
25.06.2014;527-15-00-673;57
25.06.2014;269-65-16-447;59
27.06.2014;314-76-34-892;11
28.06.2014;995-59-41-476;361
29.06.2014;885-74-10-856;153
30.06.2014;964-69-89-011;7
01.07.2014;884-31-58-627;65
03.07.2014;847-48-41-699;409
05.07.2014;620-15-33-614;63
06.07.2014;254-14-00-156;441
10.07.2014;495-93-92-849;91
11.07.2014;904-16-42-385;73
12.07.2014;043-34-53-278;184
16.07.2014;692-61-16-906;191
17.07.2014;413-93-89-926;371
18.07.2014;178-24-36-171;485
18.07.2014;916-94-78-836;92
20.07.2014;413-93-89-926;442
21.07.2014;885-74-10-856;44
23.07.2014;761-06-34-233;39
28.07.2014;413-93-89-926;288
28.07.2014;395-19-63-367;4
31.07.2014;647-41-13-432;6
31.07.2014;244-64-83-142;9
01.08.2014;916-94-78-836;178
02.08.2014;941-01-60-075;455
03.08.2014;773-39-15-273;56
07.08.2014;692-61-16-906;46
08.08.2014;609-57-46-753;15
09.08.2014;885-74-10-856;130
10.08.2014;910-38-33-489;154
10.08.2014;885-74-10-856;137
12.08.2014;507-22-76-992;119
12.08.2014;941-01-60-075;138
13.08.2014;941-01-60-075;303
15.08.2014;269-65-16-447;73
17.08.2014;322-66-15-999;35
17.08.2014;799-94-72-837;435
20.08.2014;847-48-41-699;476
23.08.2014;254-14-00-156;386
26.08.2014;749-02-70-623;147
29.08.2014;799-94-72-837;112
03.09.2014;692-61-16-906;156
04.09.2014;995-59-41-476;106
06.09.2014;865-19-31-951;2
06.09.2014;804-82-65-826;19
07.09.2014;531-65-00-714;18
10.09.2014;995-59-41-476;332
11.09.2014;561-00-46-873;1
12.09.2014;413-93-89-926;438
13.09.2014;080-51-85-809;25
15.09.2014;799-94-72-837;220
15.09.2014;761-06-34-233;47
15.09.2014;648-00-20-115;1
16.09.2014;058-15-94-554;14
17.09.2014;847-48-41-699;132
22.09.2014;240-56-56-791;18
24.09.2014;847-48-41-699;266
25.09.2014;885-74-10-856;30
27.09.2014;392-78-93-552;452
29.09.2014;594-18-15-403;306
30.09.2014;692-61-16-906;98
01.10.2014;507-22-76-992;110
01.10.2014;885-74-10-856;57
01.10.2014;371-70-96-597;16
04.10.2014;963-43-52-686;5
07.10.2014;178-24-36-171;433
08.10.2014;513-33-14-553;180
08.10.2014;178-24-36-171;381
09.10.2014;982-09-19-706;16
09.10.2014;378-70-08-798;85
09.10.2014;410-52-79-946;37
12.10.2014;910-38-33-489;69
13.10.2014;254-14-00-156;304
16.10.2014;178-24-36-171;491
19.10.2014;033-49-11-774;106
23.10.2014;495-93-92-849;188
23.10.2014;885-74-10-856;131
24.10.2014;163-92-64-010;9
26.10.2014;392-78-93-552;245
31.10.2014;178-24-36-171;166
02.11.2014;322-66-15-999;171
02.11.2014;982-37-73-633;11
03.11.2014;910-38-33-489;52
06.11.2014;950-40-82-698;56
07.11.2014;753-35-55-536;6
07.11.2014;322-66-15-999;179
08.11.2014;178-24-36-171;398
09.11.2014;513-33-14-553;68
09.11.2014;904-16-42-385;160
10.11.2014;904-16-42-385;183
11.11.2014;178-24-36-171;178
12.11.2014;254-14-00-156;381
14.11.2014;851-69-49-933;12
16.11.2014;378-70-08-798;116
18.11.2014;254-14-00-156;117
18.11.2014;513-33-14-553;31
19.11.2014;885-74-10-856;131
19.11.2014;749-02-70-623;21
20.11.2014;847-48-41-699;300
20.11.2014;269-65-16-447;32
23.11.2014;958-71-87-898;4
24.11.2014;392-78-93-552;230
25.11.2014;692-61-16-906;164
26.11.2014;374-01-18-051;4
29.11.2014;910-38-33-489;96
02.12.2014;179-23-02-772;94
02.12.2014;884-31-58-627;21
04.12.2014;254-14-00-156;129
04.12.2014;410-52-79-946;197
05.12.2014;192-09-72-275;16
05.12.2014;337-27-67-378;332
07.12.2014;513-33-14-553;75
08.12.2014;340-11-17-090;10
09.12.2014;916-94-78-836;93
10.12.2014;392-78-93-552;146
11.12.2014;507-22-76-992;197
13.12.2014;413-93-89-926;482
15.12.2014;885-74-10-856;43
16.12.2014;178-24-36-171;367
16.12.2014;799-94-72-837;274
18.12.2014;413-93-89-926;283
19.12.2014;322-66-15-999;98
20.12.2014;178-24-36-171;485
21.12.2014;319-54-24-686;3
23.12.2014;392-78-93-552;331
24.12.2014;885-74-10-856;150
25.12.2014;254-14-00-156;463
26.12.2014;270-90-07-560;8
26.12.2014;904-16-42-385;178
28.12.2014;080-51-85-809;166
29.12.2014;881-78-83-232;14
